song_id,song,artist,lead_artist,days_on_chart,avg_rank,best_rank,rank_volatility,avg_popularity,pop_volatility,first_date,last_date,duration_min,album_type,total_tracks,is_explicit,span_days
"""Slut!"" (Taylor's Version) (From The Vault) — Taylor Swift","""Slut!"" (Taylor's Version) (From The Vault)",Taylor Swift,Taylor Swift,26,15.5,3,12.130127781684742,86.76923076923077,17.78158078981212,2024-10-29,2024-11-23,3.00635,album,21,False,26
(Don't Fear) The Reaper — Blue Öyster Cult,(Don't Fear) The Reaper,Blue Öyster Cult,Blue Öyster Cult,1,50.0,50,0.0,77.0,0.0,2025-11-02,2025-11-02,5.1353333333333335,album,10,False,1
(There's No Place Like) Home for the Holidays - 1959 Version — Perry Como,(There's No Place Like) Home for the Holidays - 1959 Version,Perry Como,Perry Como,2,45.0,45,0.0,70.0,0.0,2024-12-26,2024-12-27,2.93155,album,10,False,2
16 CARRIAGES — Beyoncé,16 CARRIAGES,Beyoncé,Beyoncé,10,26.0,16,10.63537075569588,64.5,12.002314591592556,2025-02-14,2025-04-05,3.8920166666666667,single,1,False,51
2 hands — Tate McRae,2 hands,Tate McRae,Tate McRae,7,33.57142857142857,8,12.286267983093195,76.57142857142857,3.207134902949091,2025-11-17,2025-11-23,3.0303333333333335,single,2,True,7
28 — Zach Bryan,28,Zach Bryan,Zach Bryan,100,27.57,10,12.255079342744775,84.87,3.0373267086952627,2025-07-06,2025-10-26,3.8888833333333332,album,19,False,113
3001 — J. Cole,3001,J. Cole,J. Cole,1,32.0,32,0.0,68.0,0.0,2025-04-07,2025-04-07,2.6308833333333332,album,12,True,1
360 — Charli xcx,360,Charli xcx,Charli xcx,43,34.04651162790697,19,9.596510993888035,87.69767441860465,1.2058366729989185,2025-07-18,2025-08-31,2.2300833333333334,album,15,True,45
3D (feat. Jack Harlow) — Jung Kook & Jack Harlow,3D (feat. Jack Harlow),Jung Kook & Jack Harlow,Jung Kook,12,26.333333333333332,9,18.430870020076906,66.25,31.487732098823386,2024-09-30,2024-10-11,3.3635333333333333,single,3,True,12
500lbs — Lil Tecca,500lbs,Lil Tecca,Lil Tecca,186,24.827956989247312,12,10.007698286456016,83.39247311827957,5.8301868044642555,2024-09-24,2025-04-20,2.4065,album,16,True,209
505 — Arctic Monkeys,505,Arctic Monkeys,Arctic Monkeys,17,43.76470588235294,36,3.7504901640436588,80.17647058823529,1.0145993123917838,2025-09-09,2025-10-02,4.2264333333333335,album,12,False,24
57 — KAROL G & Feid & DFZM,57,KAROL G & Feid & DFZM,KAROL G,1,47.0,47,0.0,69.0,0.0,2025-11-10,2025-11-10,4.968833333333333,single,1,True,1
7 Minute Drill — J. Cole,7 Minute Drill,J. Cole,J. Cole,7,16.571428571428573,3,11.674147261608203,78.85714285714286,3.4846602621858502,2025-04-07,2025-04-13,3.5368833333333334,album,12,True,7
7969 Santa — Drake,7969 Santa,Drake,Drake,7,15.0,9,4.864839839775475,67.14285714285714,29.82967522132153,2024-10-07,2024-10-13,4.330766666666666,album,23,True,7
8am in Charlotte — Drake,8am in Charlotte,Drake,Drake,7,14.714285714285714,13,1.7043362064926935,66.57142857142857,29.641508862050994,2024-10-07,2024-10-13,4.44745,album,23,True,7
A Bar Song (Tipsy) — Shaboozey,A Bar Song (Tipsy),Shaboozey,Shaboozey,226,10.765486725663717,1,8.68218374897318,85.39380530973452,8.085089521234238,2025-04-14,2025-11-27,2.85485,single,1,True,228
A Holly Jolly Christmas — Burl Ives,A Holly Jolly Christmas,Burl Ives,Burl Ives,37,13.64864864864865,7,9.589392913863552,87.72972972972973,3.5562827709769,2024-11-20,2024-12-27,2.2588833333333334,album,12,False,38
A Night To Remember — beabadoobee & Laufey,A Night To Remember,beabadoobee & Laufey,beabadoobee,1,32.0,32,0.0,0.0,0.0,2024-10-21,2024-10-21,3.8898,single,1,False,1
ACHO PR — Bad Bunny,ACHO PR,Bad Bunny,Bad Bunny,2,28.0,28,0.0,39.0,55.154328932550705,2024-10-14,2024-10-15,5.994116666666667,album,22,True,2
ADIVINO — Myke Towers & Bad Bunny,ADIVINO,Myke Towers & Bad Bunny,Myke Towers,3,40.666666666666664,36,4.041451884327381,85.0,6.928203230275509,2025-04-28,2025-07-16,4.644066666666666,single,1,True,80
ALL RED — Playboi Carti,ALL RED,Playboi Carti,Playboi Carti,20,18.3,1,10.54863423437017,89.25,2.8074149937920527,2025-09-15,2025-10-04,2.46755,single,1,True,20
ALLIIGATOR TEARS — Beyoncé,ALLIIGATOR TEARS,Beyoncé,Beyoncé,4,34.5,22,12.069244660154448,50.0,2.8284271247461894,2025-03-31,2025-04-03,2.98995,album,27,False,4
AMERICA HAS A PROBLEM (feat. Kendrick Lamar) — Beyoncé,AMERICA HAS A PROBLEM (feat. Kendrick Lamar),Beyoncé,Beyoncé,6,37.833333333333336,23,11.651895410904899,81.83333333333333,2.1369760566432783,2024-05-26,2024-06-03,4.349366666666667,single,1,True,9
AMERICA HAS A PROBLEM (feat. Kendrick Lamar) — Beyoncé & Kendrick Lamar,AMERICA HAS A PROBLEM (feat. Kendrick Lamar),Beyoncé & Kendrick Lamar,Beyoncé,4,22.25,12,12.76388133236386,72.0,5.291502622129183,2024-05-22,2024-05-25,4.349366666666667,single,1,True,4
AMERIICAN REQUIEM — Beyoncé,AMERIICAN REQUIEM,Beyoncé,Beyoncé,6,25.5,6,15.55313473226539,55.5,3.0822070014844876,2025-03-31,2025-04-05,5.417283333333334,album,27,False,6
AMG — Natanael Cano & Peso Pluma & Gabito Ballesteros,AMG,Natanael Cano & Peso Pluma & Gabito Ballesteros,Natanael Cano,34,33.05882352941177,20,8.492210964102547,94.23529411764706,0.4305615452020421,2024-05-18,2024-06-20,2.9157,single,1,True,34
ANTHEM PART 3 — blink-182,ANTHEM PART 3,blink-182,blink-182,1,40.0,40,0.0,0.0,0.0,2024-10-21,2024-10-21,3.553183333333333,album,17,True,1
APT. — ROSÉ & Bruno Mars,APT.,ROSÉ & Bruno Mars,ROSÉ,39,9.051282051282051,1,5.296218700508574,94.71794871794872,5.414156482625308,2025-10-20,2025-11-27,2.83195,single,1,False,39
ATTITUDE (FEAT. CHARLIE WILSON & CASH COBAIN) — Don Toliver,ATTITUDE (FEAT. CHARLIE WILSON & CASH COBAIN),Don Toliver,Don Toliver,1,39.0,39,0.0,63.0,0.0,2025-06-18,2025-06-18,2.6842166666666665,album,16,True,1
Abracadabra (feat. Travis Scott) — Young Thug,Abracadabra (feat. Travis Scott),Young Thug,Young Thug,1,49.0,49,0.0,69.0,0.0,2024-06-25,2024-06-25,4.1288833333333335,album,15,True,1
Agora Hills — Doja Cat,Agora Hills,Doja Cat,Doja Cat,175,22.462857142857143,6,12.646727024550565,81.62857142857143,6.301275706843942,2024-09-24,2025-03-23,4.422666666666666,album,15,True,181
Ain't No Love In Oklahoma (From Twisters: The Album) — Luke Combs,Ain't No Love In Oklahoma (From Twisters: The Album),Luke Combs,Luke Combs,121,31.214876033057852,15,9.54917676344428,83.65289256198348,2.937432960374448,2025-05-19,2025-10-26,3.515833333333333,single,1,False,161
Ain't No Love — Future & Metro Boomin,Ain't No Love,Future & Metro Boomin,Future,1,27.0,27,0.0,0.0,0.0,2025-03-24,2025-03-24,3.0473333333333334,album,17,True,1
Ain't No Mountain High Enough — Marvin Gaye & Tammi Terrell,Ain't No Mountain High Enough,Marvin Gaye & Tammi Terrell,Marvin Gaye,1,50.0,50,0.0,87.0,0.0,2024-11-24,2024-11-24,2.5277666666666665,album,12,False,1
Ain't No Sunshine — Bill Withers,Ain't No Sunshine,Bill Withers,Bill Withers,1,49.0,49,0.0,86.0,0.0,2025-04-10,2025-04-10,2.0848833333333334,album,12,False,1
All Alone — Lil Uzi Vert,All Alone,Lil Uzi Vert,Lil Uzi Vert,1,22.0,22,0.0,72.0,0.0,2024-07-02,2024-07-02,3.7103,album,26,True,1
All I Want for Christmas Is You — Mariah Carey,All I Want for Christmas Is You,Mariah Carey,Mariah Carey,75,17.266666666666666,2,15.160700737328957,91.0,6.417880428084426,2024-11-02,2025-11-27,4.018433333333333,album,10,False,391
All My Life (feat. J. Cole) — Lil Durk,All My Life (feat. J. Cole),Lil Durk,Lil Durk,86,22.651162790697676,3,15.24834991409232,82.5,2.0102677609184854,2024-05-28,2024-08-25,3.7313,album,21,True,90
All My Life (feat. J. Cole) — Lil Durk & J. Cole,All My Life (feat. J. Cole),Lil Durk & J. Cole,Lil Durk,10,4.5,3,1.0801234497346432,87.2,1.7511900715418338,2024-05-18,2024-05-27,3.7313,single,1,True,10
All Summer Long — Kid Rock,All Summer Long,Kid Rock,Kid Rock,2,28.0,28,0.0,78.5,0.7071067811865476,2024-07-05,2024-07-06,4.959766666666667,album,12,False,2
All The Parties (feat. Chief Keef) — Drake,All The Parties (feat. Chief Keef),Drake,Drake,7,26.428571428571427,17,7.828519290754432,65.14285714285714,28.962208545094136,2024-10-07,2024-10-13,3.6435166666666667,album,23,True,7
All The Stars (with SZA) — Kendrick Lamar & SZA,All The Stars (with SZA),Kendrick Lamar & SZA,Kendrick Lamar,1,46.0,46,0.0,87.0,0.0,2025-05-11,2025-05-11,3.8697666666666666,album,14,True,1
"All The Way Live (Spider-Man: Across the Spider-Verse) (Metro Boomin & Future, Lil Uzi Vert) — Metro Boomin","All The Way Live (Spider-Man: Across the Spider-Verse) (Metro Boomin & Future, Lil Uzi Vert)",Metro Boomin,Metro Boomin,6,43.0,27,8.07465169527454,77.16666666666667,3.7103458958251667,2024-06-04,2024-06-09,4.0873333333333335,album,13,False,6
All You Had To Do Was Stay (Taylor's Version) — Taylor Swift,All You Had To Do Was Stay (Taylor's Version),Taylor Swift,Taylor Swift,9,27.0,11,13.304134695650069,75.22222222222223,28.26118264412239,2024-10-29,2024-11-06,3.2214833333333335,album,21,False,9
"Am I Dreaming (Metro Boomin & A$AP Rocky, Roisee) — Metro Boomin","Am I Dreaming (Metro Boomin & A$AP Rocky, Roisee)",Metro Boomin,Metro Boomin,28,24.071428571428573,12,10.687232158839405,87.71428571428571,5.212926546058666,2024-06-04,2024-07-01,4.2671,album,13,False,28
Amen (feat. Teezo Touchdown) — Drake,Amen (feat. Teezo Touchdown),Drake,Drake,7,17.714285714285715,7,8.440266301373152,67.14285714285714,29.82967522132153,2024-10-07,2024-10-13,2.3535333333333335,album,23,True,7
American Girl — Tom Petty and the Heartbreakers,American Girl,Tom Petty and the Heartbreakers,Tom Petty and the Heartbreakers,4,22.5,11,16.502525059315417,75.0,2.943920288775951,2024-07-05,2025-07-07,3.578883333333333,album,10,False,368
American Kids — Kenny Chesney,American Kids,Kenny Chesney,Kenny Chesney,3,43.666666666666664,43,0.5773502691896247,78.0,1.7320508075688772,2024-07-05,2025-07-06,3.0493333333333332,album,11,False,367
American Nights — Zach Bryan,American Nights,Zach Bryan,Zach Bryan,8,25.25,13,11.448643088655903,73.625,4.103569874424666,2025-07-06,2025-07-14,3.6488833333333335,album,19,False,9
American Pie — Don McLean,American Pie,Don McLean,Don McLean,3,24.666666666666668,15,16.74315780649915,80.0,3.4641016151377544,2024-07-05,2025-07-06,8.614883333333333,album,10,False,367
Amped — Lil Uzi Vert,Amped,Lil Uzi Vert,Lil Uzi Vert,2,23.5,10,19.091883092036785,75.5,2.1213203435596424,2024-07-02,2024-07-03,2.88435,album,26,True,2
"Annihilate (Spider-Man: Across the Spider-Verse) (Metro Boomin & Swae Lee, Lil Wayne, Offset) — Metro Boomin","Annihilate (Spider-Man: Across the Spider-Verse) (Metro Boomin & Swae Lee, Lil Wayne, Offset)",Metro Boomin,Metro Boomin,28,18.357142857142858,5,13.34503454809867,88.10714285714286,4.863616134602092,2024-06-04,2024-07-01,3.862433333333333,album,13,False,28
Another Late Night (feat. Lil Yachty) — Drake,Another Late Night (feat. Lil Yachty),Drake,Drake,7,25.428571428571427,19,5.968169536721256,65.14285714285714,28.962208545094136,2024-10-07,2024-10-13,2.8402333333333334,album,23,True,7
Anti-Hero — Taylor Swift,Anti-Hero,Taylor Swift,Taylor Swift,120,32.208333333333336,12,10.487203753958,93.90833333333333,0.9257822795515518,2024-05-18,2025-02-07,3.3448333333333333,album,13,False,266
Antichrist — Eminem,Antichrist,Eminem,Eminem,4,39.5,18,14.364307617610164,76.0,2.943920288775949,2025-07-14,2025-07-17,5.2371,album,19,True,4
Apple — Charli xcx,Apple,Charli xcx,Charli xcx,47,31.70212765957447,15,8.799493299683503,87.68085106382979,2.432625911471373,2025-07-25,2025-09-10,2.528983333333333,album,15,False,48
Aquí Te Espero — Ivan Cornejo,Aquí Te Espero,Ivan Cornejo,Ivan Cornejo,1,37.0,37,0.0,0.0,0.0,2024-07-29,2024-07-29,4.256216666666667,single,1,False,1
Are You Gone Already — Nicki Minaj,Are You Gone Already,Nicki Minaj,Nicki Minaj,1,18.0,18,0.0,72.0,0.0,2024-12-10,2024-12-10,4.514333333333333,album,22,False,1
Area Codes — Kali,Area Codes,Kali,Kali,43,18.046511627906977,12,3.6446535426965005,88.02325581395348,2.2412621029128834,2024-05-18,2024-06-29,2.3220833333333335,single,1,True,43
Area Codes — Kaliii,Area Codes,Kaliii,Kaliii,10,40.0,24,9.921917377424812,91.0,0.0,2024-06-30,2024-07-16,2.3220833333333335,single,1,True,17
As Good As I Once Was — Toby Keith,As Good As I Once Was,Toby Keith,Toby Keith,2,32.0,16,22.627416997969522,76.0,1.4142135623730951,2025-02-08,2025-02-09,3.7973333333333334,album,12,False,2
As It Was — Harry Styles,As It Was,Harry Styles,Harry Styles,92,33.71739130434783,23,6.787716907195761,92.78260869565217,0.9701714695676852,2024-05-18,2025-01-03,2.7883833333333334,album,13,False,231
Attention — Doja Cat,Attention,Doja Cat,Doja Cat,14,18.785714285714285,3,12.128660091056869,83.78571428571429,4.3355164971088875,2024-06-18,2024-07-01,4.617383333333334,single,1,True,14
Austin (Boots Stop Workin') — Dasha,Austin (Boots Stop Workin'),Dasha,Dasha,134,31.970149253731343,19,7.524336753932427,90.24626865671642,1.4323678653603504,2025-05-31,2025-10-21,2.8630333333333335,album,8,True,144
Austin — Dasha,Austin,Dasha,Dasha,64,32.234375,14,8.625805115401628,84.796875,13.082375988632059,2025-03-15,2025-05-30,2.8630333333333335,album,8,True,77
Away From Home — Drake,Away From Home,Drake,Drake,6,30.5,23,6.024948132556827,61.666666666666664,30.460903904294547,2024-10-07,2024-10-12,4.309866666666666,album,23,True,6
Aye (feat. Travis Scott) — Lil Uzi Vert,Aye (feat. Travis Scott),Lil Uzi Vert,Lil Uzi Vert,3,10.666666666666666,4,7.023769168568493,79.33333333333333,2.081665999466134,2024-07-02,2024-07-04,3.4639166666666665,album,26,True,3
BABY NUEVA — Bad Bunny,BABY NUEVA,Bad Bunny,Bad Bunny,6,26.333333333333332,13,12.612163441165306,68.83333333333333,33.87280128165762,2024-10-14,2024-10-19,4.012883333333333,album,22,True,6
BACK TO ME — Kanye West & Ty Dolla $ign,BACK TO ME,Kanye West & Ty Dolla $ign,Kanye West,4,13.75,3,16.276260831857748,80.25,6.652067347825037,2025-02-12,2025-02-15,4.924516666666666,album,16,True,4
BACK TO ME — ¥$ & Kanye West & Ty Dolla $ign,BACK TO ME,¥$ & Kanye West & Ty Dolla $ign,¥$,7,33.714285714285715,10,16.47942440048889,60.285714285714285,32.257889400446345,2025-02-16,2025-02-22,4.924516666666666,album,16,True,7
BAND4BAND (feat. Lil Baby) — Central Cee & Lil Baby,BAND4BAND (feat. Lil Baby),Central Cee & Lil Baby,Central Cee,34,24.91176470588235,11,12.42521299630574,86.61764705882354,2.5228015437670814,2025-05-28,2025-06-30,2.34555,single,1,True,34
BANDIT — Don Toliver,BANDIT,Don Toliver,Don Toliver,6,40.0,30,6.542170893518451,54.666666666666664,27.229885542665553,2025-06-16,2025-06-23,2.4617666666666667,album,16,True,8
BATICANO — Bad Bunny,BATICANO,Bad Bunny,Bad Bunny,2,27.0,27,0.0,39.0,55.154328932550705,2024-10-14,2024-10-15,4.266666666666667,album,22,True,2
BBL Love - Interlude — Drake,BBL Love - Interlude,Drake,Drake,5,38.8,24,12.296340919151518,57.8,32.48384213728419,2024-10-07,2024-10-11,2.6893833333333332,album,23,True,5
BEG FORGIVENESS — Kanye West & Ty Dolla $ign,BEG FORGIVENESS,Kanye West & Ty Dolla $ign,Kanye West,3,26.0,21,5.0,79.66666666666667,2.516611478423582,2025-02-13,2025-02-15,6.14565,album,16,True,3
BEG FORGIVENESS — ¥$ & Kanye West & Ty Dolla $ign,BEG FORGIVENESS,¥$ & Kanye West & Ty Dolla $ign,¥$,1,39.0,39,0.0,0.0,0.0,2025-02-16,2025-02-16,6.14565,album,16,True,1
BELLAKEO — Peso Pluma & Anitta,BELLAKEO,Peso Pluma & Anitta,Peso Pluma,27,42.407407407407405,30,6.558958989042621,92.77777777777777,2.51661147842358,2024-12-28,2025-01-30,3.288883333333333,single,1,True,34
"BEST INTEREST — Tyler, The Creator",BEST INTEREST,"Tyler, The Creator","Tyler, The Creator",3,44.333333333333336,44,0.5773502691896263,82.33333333333333,0.5773502691896278,2025-10-30,2025-11-01,2.1320166666666664,single,1,True,3
BIRDS OF A FEATHER — Billie Eilish,BIRDS OF A FEATHER,Billie Eilish,Billie Eilish,191,5.2565445026178015,2,3.1224394304282823,97.15706806282722,4.0244567846024335,2025-05-19,2025-11-27,3.5062166666666665,album,10,False,193
BITTERSUITE — Billie Eilish,BITTERSUITE,Billie Eilish,Billie Eilish,10,31.6,19,12.482877161224579,81.8,9.247221805013174,2025-05-19,2025-05-30,4.974,album,10,False,12
BLACKBIIRD — Beyoncé,BLACKBIIRD,Beyoncé,Beyoncé,5,22.2,7,11.819475453673908,54.6,3.6469165057620945,2025-03-31,2025-04-04,2.19915,album,27,False,5
BLUE — Billie Eilish,BLUE,Billie Eilish,Billie Eilish,21,29.428571428571427,17,9.20636425833471,86.85714285714286,7.233849005098971,2025-05-19,2025-06-08,5.718666666666667,album,10,False,21
BODYGUARD — Beyoncé,BODYGUARD,Beyoncé,Beyoncé,10,23.2,8,12.227473619317733,81.3,3.2335051500740684,2025-03-31,2025-04-09,4.0042333333333335,album,27,True,10
BROTHER STONE (FEAT. KODAK BLACK) — Don Toliver,BROTHER STONE (FEAT. KODAK BLACK),Don Toliver,Don Toliver,1,46.0,46,0.0,0.0,0.0,2025-06-16,2025-06-16,3.3806666666666665,album,16,True,1
BURN — Kanye West & Ty Dolla $ign,BURN,Kanye West & Ty Dolla $ign,Kanye West,3,6.0,6,0.0,83.0,3.0,2025-02-13,2025-02-15,1.8576333333333332,album,16,True,3
BURN — ¥$ & Kanye West & Ty Dolla $ign,BURN,¥$ & Kanye West & Ty Dolla $ign,¥$,23,24.217391304347824,6,8.317323224009527,79.8695652173913,21.456730979993807,2025-02-16,2025-03-10,1.8576333333333332,album,16,True,23
BYE — Peso Pluma,BYE,Peso Pluma,Peso Pluma,9,38.111111111111114,22,9.360080721399314,69.66666666666667,6.264982043070835,2024-06-25,2024-07-07,3.5496,album,14,True,13
Baby Please — Ivan Cornejo,Baby Please,Ivan Cornejo,Ivan Cornejo,1,46.0,46,0.0,66.0,0.0,2025-03-17,2025-03-17,2.972,single,1,False,1
"Baby, It's Cold Outside — Dean Martin","Baby, It's Cold Outside",Dean Martin,Dean Martin,3,39.333333333333336,37,4.041451884327381,83.0,0.0,2024-12-25,2024-12-27,2.39555,album,12,False,3
Back To December (Taylor's Version) — Taylor Swift,Back To December (Taylor's Version),Taylor Swift,Taylor Swift,11,20.818181818181817,2,19.077831018321668,81.45454545454545,27.060538192591945,2024-07-09,2024-07-19,4.90315,album,22,False,11
Bad Blood (Taylor's Version) — Taylor Swift,Bad Blood (Taylor's Version),Taylor Swift,Taylor Swift,4,29.75,17,11.7011395456454,62.0,41.352146256270665,2024-10-29,2024-11-01,3.5183833333333334,album,21,False,4
Bad Blood (feat. Kendrick Lamar) (Taylor's Version) — Taylor Swift,Bad Blood (feat. Kendrick Lamar) (Taylor's Version),Taylor Swift,Taylor Swift,3,31.0,27,4.0,75.33333333333333,2.309401076758505,2024-10-29,2024-10-31,3.32955,album,22,False,3
Bad Habit — Steve Lacy,Bad Habit,Steve Lacy,Steve Lacy,34,44.11764705882353,35,3.4532786869639636,85.0,0.0,2024-05-18,2024-06-24,3.867766666666667,album,10,True,38
Bad One — Eminem,Bad One,Eminem,Eminem,1,35.0,35,0.0,69.0,0.0,2025-07-14,2025-07-14,4.5001,album,19,True,1
Bahamas Promises — Drake,Bahamas Promises,Drake,Drake,7,20.142857142857142,10,6.283008075451637,66.0,29.337120967584166,2024-10-07,2024-10-13,3.06815,album,23,True,7
"Balloon (feat. Doechii) — Tyler, The Creator",Balloon (feat. Doechii),"Tyler, The Creator","Tyler, The Creator",13,29.307692307692307,13,11.250071224845758,80.0,3.027650354097489,2025-10-30,2025-11-21,2.5710166666666665,album,14,True,23
Bandit — Don Toliver,Bandit,Don Toliver,Don Toliver,50,36.96,9,9.743569307863664,85.84,2.3155199530691237,2025-02-04,2025-05-10,2.4624333333333333,single,1,True,96
Barbie Dangerous — Nicki Minaj,Barbie Dangerous,Nicki Minaj,Nicki Minaj,1,19.0,19,0.0,71.0,0.0,2024-12-10,2024-12-10,2.2133166666666666,album,22,True,1
Barbie World (with Aqua) [From Barbie The Album] — Nicki Minaj & Ice Spice & Aqua,Barbie World (with Aqua) [From Barbie The Album],Nicki Minaj & Ice Spice & Aqua,Nicki Minaj,104,18.75,1,13.995665070896028,92.00961538461539,3.847821707079189,2024-06-25,2024-10-06,1.8291666666666666,single,1,True,104
Beautiful Things — Benson Boone,Beautiful Things,Benson Boone,Benson Boone,307,14.697068403908794,1,8.944788412459603,90.83061889250814,5.283218030043364,2025-01-21,2025-11-27,3.0050666666666666,single,1,False,311
Bed Chem — Sabrina Carpenter,Bed Chem,Sabrina Carpenter,Sabrina Carpenter,96,16.260416666666668,6,10.625931331731193,89.86458333333333,5.202468627926701,2025-08-24,2025-11-27,2.8644833333333333,album,12,False,96
Beep Beep — Nicki Minaj,Beep Beep,Nicki Minaj,Nicki Minaj,1,43.0,43,0.0,70.0,0.0,2024-12-10,2024-12-10,1.59035,album,22,True,1
Beer For My Horses — Toby Keith,Beer For My Horses,Toby Keith,Toby Keith,1,18.0,18,0.0,74.0,0.0,2025-02-08,2025-02-08,3.4,album,13,False,1
Belong Together — Mark Ambor,Belong Together,Mark Ambor,Mark Ambor,3,48.0,47,1.0,93.0,0.0,2025-05-16,2025-05-18,2.47195,single,1,False,3
Better Days (feat. John Mayer) — Zach Bryan,Better Days (feat. John Mayer),Zach Bryan,Zach Bryan,7,29.714285714285715,24,7.134757312253998,71.0,4.472135954999578,2025-07-06,2025-07-13,3.5411,album,19,False,8
Better Than Revenge (Taylor's Version) — Taylor Swift,Better Than Revenge (Taylor's Version),Taylor Swift,Taylor Swift,7,17.857142857142858,5,12.562226069034255,74.71428571428571,32.973293666816105,2024-07-09,2024-07-15,3.6717666666666666,album,22,False,7
Big Dawgs — Hanumankind & Kalmi,Big Dawgs,Hanumankind & Kalmi,Hanumankind,59,28.16949152542373,13,10.648219119958561,89.77966101694915,4.778066975361514,2025-07-31,2025-10-01,3.177766666666667,single,1,True,63
Big Difference — Nicki Minaj,Big Difference,Nicki Minaj,Nicki Minaj,1,49.0,49,0.0,69.0,0.0,2024-12-10,2024-12-10,3.1862333333333335,album,22,True,1
Big Foot — Nicki Minaj,Big Foot,Nicki Minaj,Nicki Minaj,2,16.5,10,9.192388155425117,73.5,2.1213203435596424,2025-01-31,2025-02-01,4.371133333333334,single,2,True,2
Blank Space (Taylor's Version) — Taylor Swift,Blank Space (Taylor's Version),Taylor Swift,Taylor Swift,11,22.272727272727273,7,12.353873150481261,79.27272727272727,26.35940404899515,2024-10-29,2024-11-08,3.8638833333333333,album,21,False,11
Blank Space — Taylor Swift,Blank Space,Taylor Swift,Taylor Swift,21,37.142857142857146,12,10.160146230668701,82.95238095238095,0.218217890235992,2024-08-10,2024-10-28,3.863766666666667,album,13,False,80
Blinding Lights — The Weeknd,Blinding Lights,The Weeknd,The Weeknd,1,46.0,46,0.0,92.0,0.0,2024-11-01,2024-11-01,3.334,album,14,False,1
Bloody Mary — Lady Gaga,Bloody Mary,Lady Gaga,Lady Gaga,1,32.0,32,0.0,73.0,0.0,2025-11-02,2025-11-02,4.0793333333333335,album,22,False,1
Blue Christmas — Elvis Presley,Blue Christmas,Elvis Presley,Elvis Presley,30,33.06666666666667,16,10.705890525968542,86.13333333333334,3.2877340832705437,2024-11-25,2024-12-27,2.1528833333333335,album,12,False,33
Bongos (feat. Megan Thee Stallion) — Cardi B & Megan Thee Stallion,Bongos (feat. Megan Thee Stallion),Cardi B & Megan Thee Stallion,Cardi B,9,36.666666666666664,26,7.1063352017759485,78.66666666666667,3.354101966249689,2024-09-10,2024-09-18,2.9183166666666667,single,1,True,9
Boons — Zach Bryan,Boons,Zach Bryan,Zach Bryan,1,37.0,37,0.0,64.0,0.0,2025-07-06,2025-07-06,3.0862166666666666,album,19,False,1
Born in the U.S.A. — Bruce Springsteen,Born in the U.S.A.,Bruce Springsteen,Bruce Springsteen,4,17.75,8,17.55704986607944,77.75,2.0615528128088285,2024-07-05,2025-07-07,4.644666666666667,album,12,False,368
Boy's a Liar Pt. 2 — PinkPantheress & Ice Spice,Boy's a Liar Pt. 2,PinkPantheress & Ice Spice,PinkPantheress,100,24.87,9,10.609367882616137,94.21,1.4019827229875539,2024-05-18,2024-09-05,2.18355,single,2,False,111
Boys Of Faith (feat. Bon Iver) — Zach Bryan & Bon Iver,Boys Of Faith (feat. Bon Iver),Zach Bryan & Bon Iver,Zach Bryan,8,25.75,13,14.839618786016228,55.5,22.996894200242405,2024-09-24,2024-10-01,2.8470666666666666,single,1,True,8
Brand New Dance — Eminem,Brand New Dance,Eminem,Eminem,6,27.5,10,13.794926603646719,78.66666666666667,2.7325202042558905,2025-07-14,2025-07-19,3.44415,album,19,True,6
Breaking News - skit — Eminem,Breaking News - skit,Eminem,Eminem,1,31.0,31,0.0,69.0,0.0,2025-07-14,2025-07-14,0.6219,album,19,True,1
Breathe — Yeat,Breathe,Yeat,Yeat,38,23.210526315789473,14,7.2714097474633475,83.86842105263158,4.36305777124491,2025-02-18,2025-03-30,2.84745,album,22,True,41
Brown Eyed Girl — Van Morrison,Brown Eyed Girl,Van Morrison,Van Morrison,3,40.0,29,9.539392014169456,85.0,0.0,2025-07-06,2025-07-08,3.0551,album,8,False,3
But Daddy I Love Him — Taylor Swift,But Daddy I Love Him,Taylor Swift,Taylor Swift,33,21.181818181818183,5,12.763361982287783,83.66666666666667,0.8539125638299633,2025-04-21,2025-05-23,5.6738,album,16,True,33
Bye Bye Bye - From Deadpool and Wolverine Soundtrack — *NSYNC,Bye Bye Bye - From Deadpool and Wolverine Soundtrack,*NSYNC,*NSYNC,16,36.3125,24,5.918544303007851,85.25,3.1304951684997016,2025-07-31,2025-08-16,3.34,album,12,False,17
Bye — Peso Pluma,Bye,Peso Pluma,Peso Pluma,24,29.458333333333332,21,5.283108165091641,87.70833333333333,2.6454089297870476,2024-06-02,2024-07-01,3.5496,single,1,True,30
CARNIVAL — Kanye West & Ty Dolla $ign,CARNIVAL,Kanye West & Ty Dolla $ign,Kanye West,4,6.0,1,10.0,82.0,7.874007874011809,2025-02-12,2025-02-15,4.4054,album,16,True,4
CARNIVAL — ¥$ & Kanye West & Ty Dolla $ign,CARNIVAL,¥$ & Kanye West & Ty Dolla $ign,¥$,103,16.825242718446603,1,17.92381873727763,92.59223300970874,11.53123370880736,2025-02-16,2025-05-31,4.4054,single,1,True,105
CHIHIRO — Billie Eilish,CHIHIRO,Billie Eilish,Billie Eilish,56,21.767857142857142,5,14.13698061041398,91.48214285714286,4.674849813547039,2025-05-19,2025-07-25,5.057333333333333,album,10,False,68
CIRCUS MAXIMUS (feat. The Weeknd & Swae Lee) — Travis Scott,CIRCUS MAXIMUS (feat. The Weeknd & Swae Lee),Travis Scott,Travis Scott,5,28.6,23,4.929503017546495,86.2,0.836660026534074,2024-08-01,2024-08-05,4.314033333333334,album,19,True,5
CIRCUS MAXIMUS — Travis Scott,CIRCUS MAXIMUS,Travis Scott,Travis Scott,3,17.666666666666668,12,5.507570547286101,54.333333333333336,47.07794954470015,2024-07-29,2024-07-31,4.314033333333334,album,19,True,3
CS — Lil Uzi Vert,CS,Lil Uzi Vert,Lil Uzi Vert,1,27.0,27,0.0,20.0,0.0,2024-07-02,2024-07-02,3.534,album,26,False,1
CYBERTRUCK — Bad Bunny,CYBERTRUCK,Bad Bunny,Bad Bunny,5,19.8,7,11.713240371477058,65.8,36.84698088039236,2024-10-14,2024-10-18,3.199316666666667,album,22,True,5
California Sober (Feat. Chris Stapleton) — Post Malone,California Sober (Feat. Chris Stapleton),Post Malone,Post Malone,6,34.333333333333336,17,11.500724614852174,66.83333333333333,13.377842377105011,2025-08-17,2025-08-22,3.40685,album,18,True,6
Call Your Friends — Rod Wave,Call Your Friends,Rod Wave,Rod Wave,1,33.0,33,0.0,0.0,0.0,2024-08-19,2024-08-19,2.5521333333333334,single,1,True,1
Call Your Mom — Noah Kahan,Call Your Mom,Noah Kahan,Noah Kahan,1,35.0,35,0.0,66.0,0.0,2024-06-11,2024-06-11,4.6445,album,21,False,1
"Calling (Spider-Man: Across the Spider-Verse) (Metro Boomin & Swae Lee, NAV, feat. A Boogie Wit da Hoodie) — Metro Boomin","Calling (Spider-Man: Across the Spider-Verse) (Metro Boomin & Swae Lee, NAV, feat. A Boogie Wit da Hoodie)",Metro Boomin,Metro Boomin,31,16.225806451612904,4,10.138078967994396,89.48387096774194,5.542989372423122,2024-06-04,2024-07-08,3.65755,album,13,False,35
Calling For You (feat. 21 Savage) — Drake,Calling For You (feat. 21 Savage),Drake,Drake,7,8.142857142857142,4,4.740906081772817,68.57142857142857,30.462310827518998,2024-10-07,2024-10-13,4.7605,album,23,True,7
Calm Down (with Selena Gomez) — Rema,Calm Down (with Selena Gomez),Rema,Rema,52,42.55769230769231,35,3.7069804928077668,81.40384615384616,1.5997501690321203,2024-05-18,2025-01-03,3.9886166666666667,album,22,False,231
Can’t Catch Me Now - from The Hunger Games: The Ballad of Songbirds & Snakes — Olivia Rodrigo,Can’t Catch Me Now - from The Hunger Games: The Ballad of Songbirds & Snakes,Olivia Rodrigo,Olivia Rodrigo,8,31.625,23,11.057479692174756,69.25,28.19194413809935,2024-11-04,2024-11-11,3.424716666666667,single,1,False,8
Can’t Catch Me Now - from The Hunger Games: The Ballad of Songbirds & Snakes — Olivia Rodrigo & Rachel Zegler & Flatland Cavalry,Can’t Catch Me Now - from The Hunger Games: The Ballad of Songbirds & Snakes,Olivia Rodrigo & Rachel Zegler & Flatland Cavalry,Olivia Rodrigo,35,36.51428571428571,13,10.533898860824703,78.77142857142857,10.367045396452212,2024-11-18,2025-01-12,3.424716666666667,album,17,False,56
Cars Bring Me Out (feat. Future) — Young Thug,Cars Bring Me Out (feat. Future),Young Thug,Young Thug,1,17.0,17,0.0,71.0,0.0,2024-06-25,2024-06-25,3.382216666666667,album,15,True,1
Cassandra — Taylor Swift,Cassandra,Taylor Swift,Taylor Swift,7,39.57142857142857,32,7.207800007795784,81.85714285714286,3.023715784073821,2025-04-21,2025-04-27,4.003416666666666,album,31,True,7
Castles Crumbling (feat. Hayley Williams) (Taylor’s Version) (From The Vault) — Taylor Swift,Castles Crumbling (feat. Hayley Williams) (Taylor’s Version) (From The Vault),Taylor Swift,Taylor Swift,7,15.571428571428571,10,9.089502055616007,73.57142857142857,32.474898731467164,2024-07-09,2024-07-15,5.1010333333333335,album,22,False,7
Casual — Chappell Roan,Casual,Chappell Roan,Chappell Roan,81,41.75308641975309,29,5.8170672683869045,85.9753086419753,0.7241427456305881,2025-07-20,2025-10-17,3.8799333333333332,album,14,True,90
"Changes In Latitudes, Changes In Attitudes — Jimmy Buffett","Changes In Latitudes, Changes In Attitudes",Jimmy Buffett,Jimmy Buffett,1,50.0,50,0.0,58.0,0.0,2024-09-03,2024-09-03,3.288883333333333,album,10,False,1
Cheeseburger In Paradise — Jimmy Buffett,Cheeseburger In Paradise,Jimmy Buffett,Jimmy Buffett,2,38.0,30,11.313708498984761,63.0,4.242640687119285,2024-09-03,2024-09-04,2.9348833333333335,album,9,False,2
Chemical — Post Malone,Chemical,Post Malone,Post Malone,26,38.96153846153846,27,8.258235982245935,90.0,0.4898979485566304,2024-05-18,2024-08-23,3.066883333333333,single,1,True,98
Chicken Fried — Zac Brown Band,Chicken Fried,Zac Brown Band,Zac Brown Band,4,24.5,10,17.69180601295413,82.25,2.872281323269015,2024-07-05,2025-07-06,3.9691,album,12,False,367
Chill Bae — Lil Uzi Vert,Chill Bae,Lil Uzi Vert,Lil Uzi Vert,1,40.0,40,0.0,65.0,0.0,2025-11-03,2025-11-03,2.3053833333333333,album,16,True,1
Chloe or Sam or Sophia or Marcus — Taylor Swift,Chloe or Sam or Sophia or Marcus,Taylor Swift,Taylor Swift,8,34.625,27,7.229651246281327,83.375,2.7222627143085,2025-04-21,2025-04-28,3.554683333333333,album,31,False,8
Christmas (Baby Please Come Home) — Darlene Love,Christmas (Baby Please Come Home),Darlene Love,Darlene Love,31,34.45161290322581,20,9.26944338378315,81.64516129032258,3.4209977793695736,2024-11-25,2024-12-27,2.7742166666666668,album,15,False,33
Christmas (Baby Please Come Home) — Mariah Carey,Christmas (Baby Please Come Home),Mariah Carey,Mariah Carey,1,47.0,47,0.0,88.0,0.0,2024-12-25,2024-12-25,2.554,album,10,False,1
Christmas Time Is Here — Vince Guaraldi Trio,Christmas Time Is Here,Vince Guaraldi Trio,Vince Guaraldi Trio,12,39.75,27,9.245391972613854,82.91666666666667,0.28867513459481575,2024-12-12,2024-12-27,2.7182166666666667,album,14,False,16
Christmas Tree Farm — Taylor Swift,Christmas Tree Farm,Taylor Swift,Taylor Swift,2,41.5,40,2.1213203435596424,87.0,0.0,2024-12-24,2024-12-25,3.8004333333333333,single,1,False,2
Cinderella — Future & Metro Boomin,Cinderella,Future & Metro Boomin,Future,27,20.666666666666668,7,8.651367166301165,84.48148148148148,17.041511242055545,2025-03-24,2025-04-20,2.8306666666666667,album,17,True,28
Clara Bow — Taylor Swift,Clara Bow,Taylor Swift,Taylor Swift,13,29.46153846153846,19,10.40525015409196,78.61538461538461,0.869718492622904,2025-04-21,2025-05-03,3.6110333333333333,album,16,False,13
Claustrophobic — Future & Metro Boomin,Claustrophobic,Future & Metro Boomin,Future,4,30.5,14,11.561430130683084,59.0,39.35310237664455,2025-03-24,2025-03-28,3.7008833333333335,album,17,True,5
Clean (Taylor's Version) — Taylor Swift,Clean (Taylor's Version),Taylor Swift,Taylor Swift,8,28.625,14,12.094124901904113,73.125,29.609059906917487,2024-10-29,2024-11-05,4.516666666666667,album,21,False,8
Close To You — Gracie Abrams,Close To You,Gracie Abrams,Gracie Abrams,21,35.76190476190476,26,7.725961182304516,70.95238095238095,10.20037347588896,2025-06-09,2025-06-29,3.7662166666666668,single,1,False,21
Clouded — Brent Faiyaz,Clouded,Brent Faiyaz,Brent Faiyaz,18,43.388888888888886,34,4.729617431225451,85.55555555555556,0.7047921864945599,2024-09-19,2024-10-20,1.8354666666666666,album,10,True,32
Cobra — Megan Thee Stallion,Cobra,Megan Thee Stallion,Megan Thee Stallion,3,45.0,45,0.0,46.0,39.88734135035826,2024-11-04,2024-11-06,2.815533333333333,single,1,True,3
Coincidence — Sabrina Carpenter,Coincidence,Sabrina Carpenter,Sabrina Carpenter,24,27.041666666666668,12,12.369243647280825,82.5,7.818595448199675,2025-08-24,2025-09-16,2.7367,album,12,False,24
Come Monday — Jimmy Buffett,Come Monday,Jimmy Buffett,Jimmy Buffett,1,44.0,44,0.0,59.0,0.0,2024-09-03,2024-09-03,3.19555,album,11,False,1
Cool With You — NewJeans,Cool With You,NewJeans,NewJeans,4,34.0,26,11.313708498984761,81.25,3.8622100754188224,2024-07-23,2024-07-26,2.4646666666666666,single,6,False,4
Corazón de Piedra — Xavi,Corazón de Piedra,Xavi,Xavi,8,45.5,42,2.449489742783178,88.25,1.1649647450214369,2025-04-05,2025-04-13,3.2261333333333333,single,1,False,9
"Courtesy Of The Red, White And Blue (The Angry American) — Toby Keith","Courtesy Of The Red, White And Blue (The Angry American)",Toby Keith,Toby Keith,7,19.857142857142858,10,8.802056036869482,74.42857142857143,0.534522483824849,2024-07-05,2025-07-08,3.2588833333333334,album,13,False,369
Cowgirls (feat. ERNEST) — Morgan Wallen,Cowgirls (feat. ERNEST),Morgan Wallen,Morgan Wallen,184,31.39673913043478,17,8.749719134751677,84.80978260869566,1.5370513096312206,2025-05-06,2025-11-22,3.0270166666666665,album,36,False,201
Creepin' (with The Weeknd & 21 Savage) — Metro Boomin,Creepin' (with The Weeknd & 21 Savage),Metro Boomin,Metro Boomin,55,36.70909090909091,24,6.468363830191575,95.92727272727272,0.26208179770230045,2024-05-18,2024-07-22,3.692,album,15,True,66
Crocodile Tearz — J. Cole,Crocodile Tearz,J. Cole,J. Cole,6,22.5,4,13.780420893427022,77.33333333333333,3.5023801430836534,2025-04-07,2025-04-12,3.8197666666666668,album,12,True,6
Cruel Summer - Live from TS | The Eras Tour — Taylor Swift,Cruel Summer - Live from TS | The Eras Tour,Taylor Swift,Taylor Swift,2,28.0,10,25.45584412271571,0.0,0.0,2024-10-20,2024-10-21,3.8261,single,3,False,2
Cruel Summer — Taylor Swift,Cruel Summer,Taylor Swift,Taylor Swift,388,16.917525773195877,1,13.6252312712745,97.00773195876289,3.0689647625050944,2024-05-18,2025-08-03,2.9737666666666667,album,18,False,443
Crush Em — Lil Uzi Vert,Crush Em,Lil Uzi Vert,Lil Uzi Vert,3,25.666666666666668,7,20.13289182738867,77.0,2.0,2024-07-02,2024-07-04,2.7598166666666666,album,26,True,3
Cry — Benson Boone,Cry,Benson Boone,Benson Boone,2,47.0,46,1.4142135623730951,74.0,8.48528137423857,2025-04-07,2025-04-13,3.1059833333333335,album,15,False,7
Cupid - Twin Ver. — FIFTY FIFTY,Cupid - Twin Ver.,FIFTY FIFTY,FIFTY FIFTY,71,25.746478873239436,7,11.819739312884495,98.19718309859155,0.5508362035476935,2024-05-18,2024-07-28,2.9042166666666667,single,3,False,72
DAUGHTER — Beyoncé,DAUGHTER,Beyoncé,Beyoncé,6,28.0,13,12.505998560690786,53.5,3.0822070014844876,2025-03-31,2025-04-05,3.3975166666666667,album,27,False,6
DELRESTO (ECHOES) (feat. Beyoncé) — Travis Scott,DELRESTO (ECHOES) (feat. Beyoncé),Travis Scott,Travis Scott,5,18.4,16,2.4083189157584592,87.4,0.8944271909999153,2024-08-01,2024-08-05,4.56895,album,19,True,5
DELRESTO (ECHOES) — Travis Scott,DELRESTO (ECHOES),Travis Scott,Travis Scott,3,12.0,8,4.58257569495584,55.666666666666664,48.232077845903895,2024-07-29,2024-07-31,4.56895,album,19,True,3
DESERT EAGLE — Beyoncé,DESERT EAGLE,Beyoncé,Beyoncé,2,35.5,31,6.363961030678928,46.5,2.1213203435596424,2025-03-31,2025-04-01,1.2074666666666667,album,27,False,2
DEVIL IS A LIE — Tommy Richman,DEVIL IS A LIE,Tommy Richman,Tommy Richman,46,27.0,13,10.130262692656206,83.95652173913044,5.660610574601886,2025-06-18,2025-08-03,2.1824,single,1,True,47
DJ Got Us Fallin' In Love (feat. Pitbull) — USHER,DJ Got Us Fallin' In Love (feat. Pitbull),USHER,USHER,2,38.0,37,1.4142135623730951,85.0,0.0,2025-02-13,2025-02-14,3.68,album,22,False,2
DO IT — Kanye West & Ty Dolla $ign,DO IT,Kanye West & Ty Dolla $ign,Kanye West,3,14.0,11,3.0,81.33333333333333,3.055050463303895,2025-02-13,2025-02-15,3.75,album,16,True,3
DO IT — ¥$ & Kanye West & Ty Dolla $ign,DO IT,¥$ & Kanye West & Ty Dolla $ign,¥$,2,25.5,22,4.949747468305833,14.0,19.79898987322333,2025-02-16,2025-02-17,3.75,album,16,True,2
DOS DÍAS — Tito Double P,DOS DÍAS,Tito Double P,Tito Double P,9,48.0,45,1.732050807568877,88.0,0.0,2025-10-26,2025-11-14,2.5654666666666666,album,21,True,20
Dance The Night (From Barbie The Album) — Dua Lipa,Dance The Night (From Barbie The Album),Dua Lipa,Dua Lipa,48,18.125,8,10.2596607301544,94.79166666666667,4.247443953937939,2024-05-28,2024-08-30,2.9429833333333333,single,1,False,95
Dance The Night - From Barbie The Album — Dua Lipa,Dance The Night - From Barbie The Album,Dua Lipa,Dua Lipa,43,28.372093023255815,14,8.775027488259626,95.53488372093024,1.7504943139868023,2024-08-31,2025-01-03,2.9429833333333333,single,1,False,126
Dancing In The Flames — The Weeknd,Dancing In The Flames,The Weeknd,The Weeknd,7,23.857142857142858,10,8.173709305420875,82.0,2.768874620972691,2025-09-15,2025-09-21,3.6672666666666665,single,1,False,7
Danger (Spider) (Offset & JID) — Metro Boomin,Danger (Spider) (Offset & JID),Metro Boomin,Metro Boomin,1,49.0,49,0.0,70.0,0.0,2024-06-04,2024-06-04,3.4211,album,13,False,1
Dark Red — Steve Lacy,Dark Red,Steve Lacy,Steve Lacy,27,45.851851851851855,40,3.48296628336453,89.62962962962963,0.7916947813271354,2024-10-02,2025-01-11,2.8850666666666664,single,1,False,102
"Darling, I (feat. Teezo Touchdown) — Tyler, The Creator","Darling, I (feat. Teezo Touchdown)","Tyler, The Creator","Tyler, The Creator",26,14.923076923076923,2,11.099272325420534,85.88461538461539,2.3550273557124286,2025-10-30,2025-11-24,4.230566666666666,album,14,True,26
Dawns (feat. Maggie Rogers) — Zach Bryan & Maggie Rogers,Dawns (feat. Maggie Rogers),Zach Bryan & Maggie Rogers,Zach Bryan,4,49.5,49,0.5773502691896247,84.0,0.0,2024-09-01,2024-09-08,4.8482,single,1,True,8
Daylight — David Kushner,Daylight,David Kushner,David Kushner,55,37.2,17,9.101078487170058,97.4,0.6554613868334501,2024-05-18,2024-09-14,3.5492166666666667,single,1,False,120
Daylight — Drake,Daylight,Drake,Drake,7,9.428571428571429,6,3.7352886036263584,68.0,30.204856121712172,2024-10-07,2024-10-13,2.7357,album,23,True,7
Days Come and Go — Lil Uzi Vert,Days Come and Go,Lil Uzi Vert,Lil Uzi Vert,1,40.0,40,0.0,69.0,0.0,2024-07-02,2024-07-02,4.29455,album,26,True,1
Dead or Alive — Lil Tecca,Dead or Alive,Lil Tecca,Lil Tecca,1,47.0,47,0.0,30.0,0.0,2024-09-24,2024-09-24,2.04145,album,16,True,1
Dear John (Taylor's Version) — Taylor Swift,Dear John (Taylor's Version),Taylor Swift,Taylor Swift,7,19.857142857142858,6,13.993195625357485,74.57142857142857,32.9031768621063,2024-07-09,2024-07-15,6.7651,album,22,False,7
Deck The Hall — Nat King Cole,Deck The Hall,Nat King Cole,Nat King Cole,12,30.416666666666668,22,7.166314297186564,87.91666666666667,0.28867513459481575,2024-12-16,2024-12-27,1.146,album,19,False,12
Deck The Halls — Nat King Cole,Deck The Halls,Nat King Cole,Nat King Cole,15,41.2,30,6.212889826803628,83.93333333333334,2.737743248596939,2024-11-25,2024-12-15,1.146,album,19,False,21
Deep Satin — Zach Bryan,Deep Satin,Zach Bryan,Zach Bryan,4,32.75,22,9.429563439877091,54.0,36.08323710533743,2024-09-24,2024-09-27,3.5199,single,5,False,4
Deeper Well — Kacey Musgraves,Deeper Well,Kacey Musgraves,Kacey Musgraves,2,38.0,28,14.142135623730951,65.0,7.0710678118654755,2025-02-11,2025-03-17,3.8688833333333332,single,1,False,35
Defying Gravity — Wicked Movie Cast & Cynthia Erivo & Ariana Grande,Defying Gravity,Wicked Movie Cast & Cynthia Erivo & Ariana Grande,Wicked Movie Cast,3,34.666666666666664,22,12.055427546683415,74.0,3.4641016151377544,2025-11-25,2025-11-27,7.662766666666666,album,12,False,3
Deli — Ice Spice,Deli,Ice Spice,Ice Spice,33,40.81818181818182,19,7.739729264703584,82.42424242424242,4.323123169583993,2024-07-23,2024-08-25,2.1142833333333333,single,11,True,34
Demons — Doja Cat,Demons,Doja Cat,Doja Cat,8,37.375,26,8.210402808980463,68.625,20.360588680796326,2024-09-03,2024-09-24,3.25955,single,1,True,22
Devil I've Been (Feat. ERNEST) — Post Malone,Devil I've Been (Feat. ERNEST),Post Malone,Post Malone,3,38.666666666666664,32,5.773502691896258,57.0,17.435595774162696,2025-08-17,2025-08-19,3.0487333333333333,album,18,False,3
Dial Drunk (with Post Malone) — Noah Kahan & Post Malone,Dial Drunk (with Post Malone),Noah Kahan & Post Malone,Noah Kahan,35,32.8,4,13.564226306506306,84.65714285714286,3.6132343108182075,2024-07-20,2024-08-25,3.563616666666667,single,1,True,37
Dial Drunk — Noah Kahan,Dial Drunk,Noah Kahan,Noah Kahan,24,24.125,3,13.879332461081024,82.70833333333333,4.27814635465923,2024-06-11,2025-02-11,3.563616666666667,album,21,True,246
Did It First (with Central Cee) — Ice Spice & Central Cee,Did It First (with Central Cee),Ice Spice & Central Cee,Ice Spice,17,38.64705882352941,28,6.382996714617947,83.88235294117646,2.4719009117776247,2025-07-18,2025-08-03,1.9667,single,1,True,17
Die For You — The Weeknd,Die For You,The Weeknd,The Weeknd,35,43.97142857142857,33,4.7433279102193175,91.02857142857142,0.45281565433046084,2024-05-18,2024-09-22,4.33755,album,18,False,128
Die With A Smile — Lady Gaga & Bruno Mars,Die With A Smile,Lady Gaga & Bruno Mars,Lady Gaga,103,3.466019417475728,1,3.6348410272991187,96.80582524271844,10.659671345067204,2025-08-17,2025-11-27,4.19445,single,1,False,103
Died and Came Back — Lil Uzi Vert,Died and Came Back,Lil Uzi Vert,Lil Uzi Vert,1,14.0,14,0.0,73.0,0.0,2024-07-02,2024-07-02,3.0106,album,26,True,1
Diet Pepsi — Addison Rae,Diet Pepsi,Addison Rae,Addison Rae,29,38.86206896551724,26,6.127946159842709,87.37931034482759,0.7277064313624781,2025-10-03,2025-11-01,2.8282833333333333,single,1,False,30
Disco — Surf Curse,Disco,Surf Curse,Surf Curse,6,41.333333333333336,37,5.240865068542279,82.33333333333333,1.5055453054181642,2025-09-08,2025-09-25,2.546,single,1,False,18
Disease — Lady Gaga,Disease,Lady Gaga,Lady Gaga,3,28.666666666666668,16,13.576941236277534,75.0,1.7320508075688772,2025-10-27,2025-10-29,3.833283333333333,single,1,False,3
Disturbia — Rihanna,Disturbia,Rihanna,Rihanna,1,44.0,44,0.0,79.0,0.0,2025-11-02,2025-11-02,3.9771,album,15,False,1
Do They Know It's Christmas? - 1984 Version — Band Aid,Do They Know It's Christmas? - 1984 Version,Band Aid,Band Aid,4,41.5,39,3.785938897200183,89.0,0.0,2024-12-24,2024-12-27,3.7088833333333335,single,2,False,4
Do You Hear What I Hear? - Remastered 2006 — Bing Crosby,Do You Hear What I Hear? - Remastered 2006,Bing Crosby,Bing Crosby,2,48.0,48,0.0,83.0,0.0,2024-12-26,2024-12-27,2.7611,compilation,16,False,2
Doctor (Work It Out) [feat. Miley Cyrus] — Pharrell Williams & Miley Cyrus,Doctor (Work It Out) [feat. Miley Cyrus],Pharrell Williams & Miley Cyrus,Pharrell Williams,1,45.0,45,0.0,73.0,0.0,2025-03-03,2025-03-03,3.0370166666666667,single,1,False,1
Don't Understand — Post Malone,Don't Understand,Post Malone,Post Malone,1,32.0,32,0.0,48.0,0.0,2024-07-29,2024-07-29,3.0563166666666666,album,17,False,1
Don’t Blame Me — Taylor Swift,Don’t Blame Me,Taylor Swift,Taylor Swift,6,46.833333333333336,45,2.4832774042918886,91.33333333333333,0.5163977794943199,2024-08-11,2024-10-28,3.9402166666666667,album,15,False,79
Don’t Smile — Sabrina Carpenter,Don’t Smile,Sabrina Carpenter,Sabrina Carpenter,15,30.8,19,11.626324809303608,78.33333333333333,9.162553189607193,2025-08-24,2025-09-07,3.43825,album,12,False,15
Doomsday (with Juice WRLD & Cordae) — Lyrical Lemonade & Juice WRLD & Cordae,Doomsday (with Juice WRLD & Cordae),Lyrical Lemonade & Juice WRLD & Cordae,Lyrical Lemonade,7,39.285714285714285,28,6.524678426668135,76.85714285714286,3.848314411469494,2024-06-25,2024-07-01,2.5161166666666666,single,1,True,7
Down Bad — Taylor Swift,Down Bad,Taylor Swift,Taylor Swift,49,19.79591836734694,2,14.209708523630265,87.0,1.4433756729740654,2025-04-21,2025-06-08,4.3538,album,16,True,49
Dreams - 2004 Remaster — Fleetwood Mac,Dreams - 2004 Remaster,Fleetwood Mac,Fleetwood Mac,12,44.0,38,3.5161962919661303,88.66666666666667,0.7784989441615219,2024-10-02,2024-10-28,4.296666666666667,album,58,False,27
Drew A Picasso — Drake,Drew A Picasso,Drake,Drake,7,28.428571428571427,16,8.323804075404123,65.14285714285714,28.962208545094136,2024-10-07,2024-10-13,4.379466666666667,album,23,True,7
Drugs You Should Try It — Travis Scott,Drugs You Should Try It,Travis Scott,Travis Scott,1,30.0,30,0.0,0.0,0.0,2025-08-24,2025-08-24,3.4747833333333333,album,12,True,1
Dumb & Poetic — Sabrina Carpenter,Dumb & Poetic,Sabrina Carpenter,Sabrina Carpenter,14,30.285714285714285,16,12.079407597729613,78.14285714285714,9.113448581900544,2025-08-24,2025-09-06,2.2246333333333332,album,12,True,14
ETA — NewJeans,ETA,NewJeans,NewJeans,3,32.666666666666664,30,4.618802153517007,79.33333333333333,3.055050463303895,2024-07-23,2024-07-25,2.522883333333333,single,6,False,3
East Side of Sorrow — Zach Bryan,East Side of Sorrow,Zach Bryan,Zach Bryan,22,23.636363636363637,3,13.89945341352692,80.68181818181819,9.004688533448322,2024-08-26,2024-09-16,3.4886666666666666,album,16,True,22
El Azul — Junior H & Peso Pluma,El Azul,Junior H & Peso Pluma,Junior H,70,30.84285714285714,21,5.867216001008015,94.92857142857143,0.25939889105215974,2024-05-18,2024-07-28,3.120416666666667,single,1,False,72
El Dorado — Zach Bryan,El Dorado,Zach Bryan,Zach Bryan,8,27.625,15,9.62047667366703,72.125,13.324922942687945,2024-08-26,2024-09-02,3.0475833333333333,album,16,False,8
El Gordo Trae El Mando — Chino Pacas,El Gordo Trae El Mando,Chino Pacas,Chino Pacas,32,43.0625,31,6.405327923412788,91.6875,0.4709290748598827,2024-05-18,2024-06-29,1.8681166666666666,single,1,True,43
Electric Touch (feat. Fall Out Boy) (Taylor’s Version) (From The Vault) — Taylor Swift,Electric Touch (feat. Fall Out Boy) (Taylor’s Version) (From The Vault),Taylor Swift,Taylor Swift,7,22.285714285714285,9,11.190982764623277,73.42857142857143,32.40811185931254,2024-07-09,2024-07-15,4.4411,album,22,False,7
Ella Baila Sola — Eslabon Armado,Ella Baila Sola,Eslabon Armado,Eslabon Armado,170,18.96470588235294,1,15.256347643001167,89.67647058823529,2.9100985997172955,2024-05-18,2025-01-03,2.7611833333333333,album,16,False,231
Empire Now — Hozier,Empire Now,Hozier,Hozier,1,26.0,26,0.0,38.0,0.0,2025-03-24,2025-03-24,2.9699333333333335,single,4,False,1
Enchanted (Taylor's Version) — Taylor Swift,Enchanted (Taylor's Version),Taylor Swift,Taylor Swift,11,21.363636363636363,5,17.001604202384712,81.18181818181819,26.977094661279526,2024-07-09,2024-07-19,5.88755,album,22,False,11
Enchanted — Taylor Swift,Enchanted,Taylor Swift,Taylor Swift,1,35.0,35,0.0,83.0,0.0,2024-07-08,2024-07-08,5.869766666666667,album,14,False,1
End of Beginning — Djo,End of Beginning,Djo,Djo,148,25.39189189189189,3,16.243317887310866,94.74324324324324,4.187967249385653,2025-02-18,2025-08-08,2.6540833333333333,album,13,False,172
Endless Fashion (feat. Nicki Minaj) — Lil Uzi Vert,Endless Fashion (feat. Nicki Minaj),Lil Uzi Vert,Lil Uzi Vert,7,15.142857142857142,6,7.358183005529092,80.71428571428571,3.2513733362117287,2024-07-02,2024-07-08,3.6117166666666667,album,26,True,7
Enough (Miami) — Cardi B,Enough (Miami),Cardi B,Cardi B,5,33.0,28,4.898979485566356,69.0,4.847679857416328,2025-03-17,2025-03-23,2.64545,single,1,True,7
Enough Is Enough — Post Malone,Enough Is Enough,Post Malone,Post Malone,8,34.75,28,3.8078865529319543,75.5,12.398156544998361,2024-07-29,2024-08-05,2.7529166666666667,album,17,True,8
Espresso — Sabrina Carpenter,Espresso,Sabrina Carpenter,Sabrina Carpenter,226,7.946902654867257,1,6.22516856776975,94.23893805309734,5.538992024279711,2025-04-14,2025-11-27,2.9243166666666665,single,1,True,228
Evergreen — Richy Mitch & The Coal Miners,Evergreen,Richy Mitch & The Coal Miners,Richy Mitch,55,43.07272727272727,32,5.583887353788396,88.94545454545455,0.678183352739248,2025-02-24,2025-09-18,1.45,album,14,False,207
Everybody (feat. Lil Uzi Vert) — Nicki Minaj,Everybody (feat. Lil Uzi Vert),Nicki Minaj,Nicki Minaj,30,35.3,23,8.554692199061849,83.1,4.071346468794497,2024-12-10,2025-01-13,3.014483333333333,album,22,True,35
Everyday Hustle — Future & Metro Boomin,Everyday Hustle,Future & Metro Boomin,Future,3,38.333333333333336,24,12.423096769056148,50.333333333333336,43.61574639202376,2025-03-24,2025-03-27,3.7824333333333335,album,17,True,4
Evil Ways (feat. J. Cole) — Drake,Evil Ways (feat. J. Cole),Drake,Drake,4,27.0,5,18.7794213613377,54.25,36.25258611464843,2024-11-18,2024-11-21,3.7948666666666666,album,29,True,4
Evil — Eminem,Evil,Eminem,Eminem,4,29.0,15,9.626352718795768,77.0,2.943920288775949,2025-07-14,2025-07-17,3.8393,album,19,True,4
FE!N (feat. Playboi Carti) — Travis Scott,FE!N (feat. Playboi Carti),Travis Scott,Travis Scott,232,31.538793103448278,2,13.367216287034774,91.85775862068965,1.6039804849278119,2024-08-01,2025-11-12,3.195,album,19,True,469
FE!N — Travis Scott,FE!N,Travis Scott,Travis Scott,3,2.3333333333333335,2,0.5773502691896258,57.0,49.38623289946298,2024-07-29,2024-07-31,3.195,album,19,True,3
FIELD TRIP — ¥$ & Kanye West & Ty Dolla $ign,FIELD TRIP,¥$ & Kanye West & Ty Dolla $ign,¥$,8,23.5,15,9.665845613735584,58.0,35.936451848068856,2025-08-04,2025-08-11,2.7871333333333332,album,16,True,8
FINA — Bad Bunny,FINA,Bad Bunny,Bad Bunny,15,16.933333333333334,2,9.176574731866122,83.6,23.405738002220126,2024-10-14,2024-10-28,3.60545,album,22,True,15
FLAMENCO — Beyoncé,FLAMENCO,Beyoncé,Beyoncé,2,31.0,27,5.656854249492381,47.0,2.8284271247461903,2025-03-31,2025-04-01,1.6727333333333334,album,27,False,2
FRIED — ¥$ & Kanye West & Ty Dolla $ign,FRIED,¥$ & Kanye West & Ty Dolla $ign,¥$,3,45.0,45,0.0,47.333333333333336,41.04063027456247,2025-08-04,2025-08-06,2.9876,album,16,True,3
FTCU — Nicki Minaj,FTCU,Nicki Minaj,Nicki Minaj,54,18.796296296296298,6,10.427430497417694,87.22222222222223,4.516914402916054,2024-12-10,2025-02-06,2.86895,album,22,True,59
FUK SUMN — Kanye West & Ty Dolla $ign,FUK SUMN,Kanye West & Ty Dolla $ign,Kanye West,4,15.0,2,23.366642891095843,80.0,7.118052168020874,2025-02-12,2025-02-15,3.49295,album,16,True,4
FUK SUMN — ¥$ & Kanye West & Ty Dolla $ign,FUK SUMN,¥$ & Kanye West & Ty Dolla $ign,¥$,13,32.84615384615385,8,12.205505273210076,72.46153846153847,26.512938302570266,2025-02-16,2025-03-02,3.49295,album,16,True,15
Fallin 4 U — Nicki Minaj,Fallin 4 U,Nicki Minaj,Nicki Minaj,1,48.0,48,0.0,69.0,0.0,2024-12-10,2024-12-10,3.8438166666666667,album,22,True,1
Family Matters — Drake,Family Matters,Drake,Drake,15,18.066666666666666,5,13.019033685156442,85.46666666666667,4.085980677296218,2025-05-06,2025-05-20,7.61555,single,1,True,15
Fare Well — Hozier,Fare Well,Hozier,Hozier,1,35.0,35,0.0,37.0,0.0,2025-03-24,2025-03-24,3.1409,single,4,False,1
Fast Car — Luke Combs,Fast Car,Luke Combs,Luke Combs,184,20.820652173913043,3,13.051198366713981,90.23913043478261,1.2792549506628683,2024-05-18,2025-07-06,4.424883333333334,album,18,False,415
Father Stretch My Hands Pt. 1 — Kanye West,Father Stretch My Hands Pt. 1,Kanye West,Kanye West,39,38.15384615384615,24,9.260949313447021,90.28205128205128,0.8568214807837894,2025-01-03,2025-03-08,2.2653333333333334,album,20,True,65
Favorite Song (feat. Future) [Toxic Version] — Toosii & Future,Favorite Song (feat. Future) [Toxic Version],Toosii & Future,Toosii,4,41.5,34,5.972157622389639,56.5,3.872983346207417,2024-05-21,2024-05-24,3.4770166666666666,single,1,True,4
Favorite Song — Toosii,Favorite Song,Toosii,Toosii,2,50.0,50,0.0,86.0,0.0,2024-05-19,2024-05-20,3.4771666666666667,single,1,False,2
Fear Of Heights — Drake,Fear Of Heights,Drake,Drake,7,11.571428571428571,5,4.859943170351646,68.0,30.204856121712172,2024-10-07,2024-10-13,2.5859,album,23,True,7
Fear and Friday's (Poem) — Zach Bryan,Fear and Friday's (Poem),Zach Bryan,Zach Bryan,6,31.0,9,13.870832707519762,70.83333333333333,13.377842377105011,2024-08-26,2024-08-31,1.7877666666666667,album,16,False,6
Fear and Friday's — Zach Bryan,Fear and Friday's,Zach Bryan,Zach Bryan,15,23.8,8,12.013088100662783,77.93333333333334,10.429810754800508,2024-08-26,2024-09-09,2.8571,album,16,False,15
Feather — Sabrina Carpenter,Feather,Sabrina Carpenter,Sabrina Carpenter,121,34.6198347107438,19,8.026265422917337,90.55371900826447,2.6329654169875476,2024-12-29,2025-07-05,3.0925333333333334,album,17,True,189
Feel It - From The Original Series “Invincible” — d4vd,Feel It - From The Original Series “Invincible”,d4vd,d4vd,4,36.5,32,6.60807586719967,84.5,0.5773502691896278,2025-04-17,2025-04-20,2.6329,single,1,False,4
Feliz Navidad — José Feliciano,Feliz Navidad,José Feliciano,José Feliciano,34,20.38235294117647,8,9.085501957022064,84.82352941176471,3.2424325719985605,2024-11-24,2024-12-27,3.0344333333333333,album,15,False,34
Femininomenon — Chappell Roan,Femininomenon,Chappell Roan,Chappell Roan,12,43.166666666666664,41,2.5166114784235845,84.41666666666667,0.5149286505444335,2025-08-04,2025-08-16,3.6618333333333335,album,14,True,13
Fever — J. Cole,Fever,J. Cole,J. Cole,1,19.0,19,0.0,69.0,0.0,2025-04-07,2025-04-07,2.3773333333333335,album,12,True,1
Finer Things (Feat. Hank Williams Jr.) — Post Malone,Finer Things (Feat. Hank Williams Jr.),Post Malone,Post Malone,5,25.6,14,8.502940667792526,65.2,13.700364958642524,2025-08-17,2025-08-21,3.092216666666667,album,18,False,5
Fire Alarm — Lil Uzi Vert,Fire Alarm,Lil Uzi Vert,Lil Uzi Vert,1,28.0,28,0.0,70.0,0.0,2024-07-02,2024-07-02,3.086116666666667,album,26,True,1
Firework — Katy Perry,Firework,Katy Perry,Katy Perry,3,20.0,18,3.4641016151377544,73.66666666666667,2.309401076758505,2024-07-05,2025-07-06,3.798216666666667,album,12,False,367
First Person Shooter (feat. J. Cole) — Drake,First Person Shooter (feat. J. Cole),Drake,Drake,138,27.036231884057973,1,14.1020314425671,89.33333333333333,7.939859100161258,2024-10-07,2025-03-09,4.124066666666667,album,23,True,154
Five Nights at Freddy's — The Living Tombstone,Five Nights at Freddy's,The Living Tombstone,The Living Tombstone,1,43.0,43,0.0,71.0,0.0,2024-11-01,2024-11-01,2.76385,single,2,False,1
Flooded The Face — Lil Uzi Vert,Flooded The Face,Lil Uzi Vert,Lil Uzi Vert,27,27.40740740740741,2,14.468159362117742,86.66666666666667,2.2702083943651843,2024-07-02,2024-07-28,3.2121166666666667,album,26,True,27
Florida!!! (feat. Florence + The Machine) — Taylor Swift,Florida!!! (feat. Florence + The Machine),Taylor Swift,Taylor Swift,28,20.357142857142858,8,9.851543536568778,84.17857142857143,1.3067792306552617,2025-04-21,2025-05-18,3.59105,album,16,True,28
Flowers — Miley Cyrus,Flowers,Miley Cyrus,Miley Cyrus,76,29.157894736842106,14,9.758487084350657,91.13157894736842,0.9569688990161634,2024-05-18,2025-02-12,3.3433333333333333,album,13,False,271
Foolish One (Taylor’s Version) (From The Vault) — Taylor Swift,Foolish One (Taylor’s Version) (From The Vault),Taylor Swift,Taylor Swift,7,19.0,13,8.34665601703261,72.85714285714286,32.16845541535253,2024-07-09,2024-07-15,5.196083333333333,album,22,False,7
Forever — Noah Kahan,Forever,Noah Kahan,Noah Kahan,7,19.857142857142858,3,10.399175791516226,79.42857142857143,3.1014589500826215,2025-02-11,2025-02-17,4.47255,album,30,False,7
Fortnight (feat. Post Malone) — Taylor Swift,Fortnight (feat. Post Malone),Taylor Swift,Taylor Swift,103,18.95145631067961,1,13.098704202322276,92.30097087378641,2.550797458759497,2025-04-21,2025-08-23,3.8160833333333333,album,16,False,125
Fortunate Son — Creedence Clearwater Revival,Fortunate Son,Creedence Clearwater Revival,Creedence Clearwater Revival,4,37.25,30,8.845903006477068,86.5,1.7320508075688772,2024-07-05,2025-07-08,2.346216666666667,album,13,False,369
Fresh Out The Slammer — Taylor Swift,Fresh Out The Slammer,Taylor Swift,Taylor Swift,18,26.5,14,11.84830591017874,80.83333333333333,0.5144957554275243,2025-04-21,2025-05-08,3.51315,album,16,False,18
Fried (She a Vibe) — Future & Metro Boomin,Fried (She a Vibe),Future & Metro Boomin,Future,4,36.5,21,11.0,58.0,38.704004960727254,2025-03-24,2025-03-28,3.502883333333333,album,17,True,5
From The Start — Laufey,From The Start,Laufey,Laufey,24,44.833333333333336,30,5.961227380670692,82.125,10.739251451527258,2024-07-20,2024-09-14,2.826216666666667,single,1,False,57
Fuel — Eminem,Fuel,Eminem,Eminem,8,24.125,16,11.10260587172476,79.125,3.6425069859723185,2025-07-14,2025-07-21,3.560766666666667,album,19,True,8
GIRLS — The Kid LAROI,GIRLS,The Kid LAROI,The Kid LAROI,2,38.5,36,3.5355339059327378,78.0,1.4142135623730951,2025-07-04,2025-07-05,2.54965,single,2,True,2
GOD'S COUNTRY — Travis Scott,GOD'S COUNTRY,Travis Scott,Travis Scott,8,20.875,11,5.514591035218685,75.375,30.51902217119209,2024-07-29,2024-08-05,2.133183333333333,album,19,True,8
GOOD (DON'T DIE) — Kanye West & Ty Dolla $ign,GOOD (DON'T DIE),Kanye West & Ty Dolla $ign,Kanye West,3,36.333333333333336,29,7.023769168568491,78.66666666666667,2.516611478423582,2025-02-13,2025-02-15,3.324,album,16,True,3
GRACIAS POR NADA — Bad Bunny,GRACIAS POR NADA,Bad Bunny,Bad Bunny,3,24.0,12,20.784609690826528,53.333333333333336,46.18802153517006,2024-10-14,2024-10-16,2.9575,album,22,True,3
GTA — Future & Metro Boomin,GTA,Future & Metro Boomin,Future,1,28.0,28,0.0,0.0,0.0,2025-03-24,2025-03-24,3.883766666666667,album,17,True,1
Gata Only (Mashup) — Dj Agus Lima,Gata Only (Mashup),Dj Agus Lima,Dj Agus Lima,2,26.0,26,0.0,24.0,33.94112549695428,2025-05-09,2025-05-10,3.59,album,9,False,2
Gata Only — FloyyMenor & Cris Mj,Gata Only,FloyyMenor & Cris Mj,FloyyMenor,113,31.02654867256637,13,8.941736185870116,96.22123893805309,1.8695612227507283,2025-04-04,2025-07-30,3.7,single,1,True,118
Gently (feat. Bad Bunny) — Drake,Gently (feat. Bad Bunny),Drake,Drake,15,23.133333333333333,8,13.87632447560884,77.33333333333333,21.806508421198693,2024-10-07,2024-10-21,2.2282333333333333,album,23,True,15
Get It Sexyy — Sexyy Red,Get It Sexyy,Sexyy Red,Sexyy Red,56,36.42857142857143,26,7.1219434090757785,79.41071428571429,9.012671454859914,2025-03-29,2025-06-03,2.47585,single,1,True,67
Ghostbusters — Ray Parker Jr.,Ghostbusters,Ray Parker Jr.,Ray Parker Jr.,5,26.6,1,19.007893097342482,72.6,3.781534080237808,2024-11-01,2025-11-03,3.98555,compilation,14,False,368
Ghostbusters — Various Artists,Ghostbusters,Various Artists,Various Artists,1,13.0,13,0.0,78.0,0.0,2024-11-01,2024-11-01,4.08755,compilation,14,False,1
Goes Without Saying (Feat. Brad Paisley) — Post Malone,Goes Without Saying (Feat. Brad Paisley),Post Malone,Post Malone,5,39.2,24,11.009087155618307,63.8,13.98928161129084,2025-08-17,2025-08-21,3.5392166666666665,album,18,False,5
Good Graces — Sabrina Carpenter,Good Graces,Sabrina Carpenter,Sabrina Carpenter,67,24.19402985074627,6,12.30574983366688,87.29850746268657,5.164021586970863,2025-08-24,2025-10-29,3.08775,album,12,True,67
"Good Luck, Babe! — Chappell Roan","Good Luck, Babe!",Chappell Roan,Chappell Roan,232,9.974137931034482,1,8.571533685975364,92.625,4.7847046166297655,2025-04-07,2025-11-27,3.6403833333333333,single,1,False,235
Gucci Grocery Bag — Young Thug,Gucci Grocery Bag,Young Thug,Young Thug,1,36.0,36,0.0,69.0,0.0,2024-06-25,2024-06-25,2.9188833333333335,album,15,True,1
Guess featuring Billie Eilish — Charli xcx & Billie Eilish,Guess featuring Billie Eilish,Charli xcx & Billie Eilish,Charli xcx,66,25.454545454545453,4,9.916857160615752,90.81818181818181,2.541405370801988,2025-08-04,2025-10-09,2.3888333333333334,single,1,False,67
Guess featuring billie eilish — Charli xcx,Guess featuring billie eilish,Charli xcx,Charli xcx,11,39.09090909090909,21,9.202766382502007,71.18181818181819,5.510320894796997,2025-10-13,2025-10-28,2.3888333333333334,album,34,False,16
Guess featuring billie eilish — Charli xcx & Billie Eilish,Guess featuring billie eilish,Charli xcx & Billie Eilish,Charli xcx,3,41.0,40,1.0,90.0,0.0,2025-10-10,2025-10-12,2.3888333333333334,single,1,False,3
Guilty Conscience 2 — Eminem,Guilty Conscience 2,Eminem,Eminem,1,21.0,21,0.0,71.0,0.0,2025-07-14,2025-07-14,5.425516666666667,album,19,True,1
Guilty as Sin? — Taylor Swift,Guilty as Sin?,Taylor Swift,Taylor Swift,39,24.564102564102566,10,12.516925113820617,82.87179487179488,1.1511890232891475,2025-04-21,2025-06-02,4.239416666666667,album,16,False,43
Guy For That (Feat. Luke Combs) — Post Malone,Guy For That (Feat. Luke Combs),Post Malone,Post Malone,11,22.90909090909091,7,14.679608615045195,70.18181818181819,12.006816245934491,2025-08-17,2025-08-27,2.7335166666666666,album,18,False,11
Guy For That (Feat. Luke Combs) — Post Malone & Luke Combs,Guy For That (Feat. Luke Combs),Post Malone & Luke Combs,Post Malone,20,23.05,9,9.190813491284597,80.5,8.432393679015155,2025-07-27,2025-08-16,2.7335166666666666,single,1,False,21
H.Y.B. (feat. Bas & Central Cee) — J. Cole,H.Y.B. (feat. Bas & Central Cee),J. Cole,J. Cole,4,32.0,13,15.769168230019828,74.5,3.000000000000002,2025-04-07,2025-04-10,3.9097666666666666,album,12,True,4
HARLEY QUINN — Fuerza Regida,HARLEY QUINN,Fuerza Regida,Fuerza Regida,58,33.05172413793103,18,9.74305405087925,93.13793103448276,1.986341747791656,2024-11-04,2025-01-30,2.3887833333333335,album,30,True,88
HIBIKI — Bad Bunny,HIBIKI,Bad Bunny,Bad Bunny,7,20.857142857142858,5,13.458932243787292,73.71428571428571,32.648196916594976,2024-10-14,2024-10-20,3.466666666666667,album,22,True,7
HISS — Megan Thee Stallion,HISS,Megan Thee Stallion,Megan Thee Stallion,17,11.352941176470589,1,13.29445926161811,84.41176470588235,6.403698379934558,2025-01-28,2025-02-13,3.213633333333333,single,1,True,17
HOODRAT — Kanye West & Ty Dolla $ign,HOODRAT,Kanye West & Ty Dolla $ign,Kanye West,3,27.0,18,8.54400374531753,80.0,2.6457513110645907,2025-02-13,2025-02-15,3.7163666666666666,album,16,True,3
HOT TO GO! — Chappell Roan,HOT TO GO!,Chappell Roan,Chappell Roan,172,16.686046511627907,7,9.959874618045184,88.80813953488372,3.3057354063668303,2025-06-05,2025-11-27,3.0806833333333334,album,14,False,176
HUMBLE. — Kendrick Lamar,HUMBLE.,Kendrick Lamar,Kendrick Lamar,2,36.5,31,7.7781745930520225,86.0,0.0,2025-05-09,2025-05-10,2.95,album,14,True,2
HVN ON EARTH (with Kodak Black) — Lil Tecca,HVN ON EARTH (with Kodak Black),Lil Tecca,Lil Tecca,1,41.0,41,0.0,31.0,0.0,2024-09-24,2024-09-24,3.1478333333333333,album,16,True,1
HYAENA — Travis Scott,HYAENA,Travis Scott,Travis Scott,9,12.444444444444445,2,7.316268022549322,78.77777777777777,29.592134840941174,2024-07-29,2024-08-06,3.701416666666667,album,19,True,9
Habits — Eminem,Habits,Eminem,Eminem,6,20.0,5,11.64474130240771,79.66666666666667,2.7325202042558905,2025-07-14,2025-07-19,4.973066666666667,album,19,True,6
Happy Holiday / The Holiday Season — Andy Williams,Happy Holiday / The Holiday Season,Andy Williams,Andy Williams,4,42.25,38,5.678908345800273,72.0,0.0,2024-12-24,2024-12-27,2.6166666666666667,album,12,False,4
Happy Xmas (War Is Over) - Remastered 2010 — John Lennon,Happy Xmas (War Is Over) - Remastered 2010,John Lennon,John Lennon,6,38.333333333333336,32,7.3393914370788735,92.0,0.0,2024-12-22,2024-12-27,3.572216666666667,compilation,119,False,6
Haunted (Taylor's Version) — Taylor Swift,Haunted (Taylor's Version),Taylor Swift,Taylor Swift,5,23.8,14,10.2810505299799,67.6,37.806084166440726,2024-07-09,2024-07-13,4.090216666666667,album,22,False,5
Have The Heart (Feat. Dolly Parton) — Post Malone,Have The Heart (Feat. Dolly Parton),Post Malone,Post Malone,3,29.0,21,6.928203230275509,59.0,16.522711641858304,2025-08-17,2025-08-19,3.05555,album,18,False,3
Have Yourself A Merry Little Christmas - Remastered 1999 — Frank Sinatra,Have Yourself A Merry Little Christmas - Remastered 1999,Frank Sinatra,Frank Sinatra,3,43.333333333333336,42,2.3094010767585034,84.0,0.0,2024-12-25,2024-12-27,3.4433333333333334,album,15,False,3
Head Honcho — Eminem,Head Honcho,Eminem,Eminem,1,29.0,29,0.0,69.0,0.0,2025-07-14,2025-07-14,3.9139333333333335,album,19,True,1
Heading South — Zach Bryan,Heading South,Zach Bryan,Zach Bryan,213,40.6150234741784,27,6.027621924172675,84.82159624413146,1.6586261894146765,2024-08-26,2025-11-14,2.8615333333333335,single,1,True,446
Heartless — Kanye West,Heartless,Kanye West,Kanye West,56,43.232142857142854,34,3.98173590023507,90.25,1.2247448713916012,2024-12-28,2025-03-09,3.5166666666666666,album,12,False,72
Heather — Conan Gray,Heather,Conan Gray,Conan Gray,2,45.0,42,4.242640687119285,88.5,0.7071067811865476,2024-12-04,2024-12-05,3.300666666666667,album,12,False,2
Heavy Is the Crown — Linkin Park,Heavy Is the Crown,Linkin Park,Linkin Park,2,44.5,44,0.7071067811865476,80.5,3.5355339059327378,2025-09-27,2025-09-29,2.783533333333333,single,2,False,3
Hellcat Kenny (feat. Lil Uzi Vert) — Young Thug,Hellcat Kenny (feat. Lil Uzi Vert),Young Thug,Young Thug,1,31.0,31,0.0,69.0,0.0,2024-06-25,2024-06-25,2.5744333333333334,album,15,True,1
Here Comes Santa Claus (Right Down Santa Claus Lane) - 1947 Version — Gene Autry,Here Comes Santa Claus (Right Down Santa Claus Lane) - 1947 Version,Gene Autry,Gene Autry,4,36.25,35,2.4999999999999996,86.0,0.0,2024-12-24,2024-12-27,2.5044333333333335,album,18,False,4
Here Comes Santa Claus (Right Down Santa Claus Lane) — Elvis Presley,Here Comes Santa Claus (Right Down Santa Claus Lane),Elvis Presley,Elvis Presley,3,49.333333333333336,49,0.5773502691896263,85.0,0.0,2024-12-25,2024-12-27,1.9304333333333332,album,12,False,3
Hey Daddy (Daddy's Home) — USHER,Hey Daddy (Daddy's Home),USHER,USHER,1,40.0,40,0.0,85.0,0.0,2025-02-14,2025-02-14,3.7348833333333333,album,22,False,1
Hey Driver (feat. The War and Treaty) — Zach Bryan,Hey Driver (feat. The War and Treaty),Zach Bryan,Zach Bryan,55,22.472727272727273,3,14.594334955543976,84.56363636363636,6.511424820932295,2024-08-26,2024-12-29,3.7911,album,16,False,126
"Hey Jane — Tyler, The Creator",Hey Jane,"Tyler, The Creator","Tyler, The Creator",10,24.1,6,12.60026454748735,81.4,2.5905812303633944,2025-10-30,2025-11-08,4.012366666666667,album,14,True,10
Hide My Gun (Feat. HARDY) — Post Malone,Hide My Gun (Feat. HARDY),Post Malone,Post Malone,3,38.333333333333336,35,2.886751345948128,55.666666666666664,18.0092568789868,2025-08-17,2025-08-19,3.67465,album,18,True,3
High Road (feat. Jessie Murph) — Koe Wetzel,High Road (feat. Jessie Murph),Koe Wetzel,Koe Wetzel,3,47.666666666666664,46,2.0816659994661326,60.0,3.4641016151377544,2025-07-23,2025-07-26,2.9902166666666665,album,13,True,4
High Road (feat. Jessie Murph) — Koe Wetzel & Jessie Murph,High Road (feat. Jessie Murph),Koe Wetzel & Jessie Murph,Koe Wetzel,26,31.807692307692307,17,8.537068493431361,75.46153846153847,5.651412349002821,2025-06-10,2025-07-05,2.9902166666666665,single,1,True,26
High Road — Zach Bryan,High Road,Zach Bryan,Zach Bryan,7,34.857142857142854,10,12.266873704256946,69.85714285714286,4.634241089562613,2025-11-10,2025-11-16,3.33155,single,2,True,7
Hits Different — Taylor Swift,Hits Different,Taylor Swift,Taylor Swift,12,21.25,2,13.605647223253893,83.75,3.0488447886789114,2024-05-28,2024-06-09,3.907766666666667,album,23,True,13
Holly Jolly Christmas — Michael Bublé,Holly Jolly Christmas,Michael Bublé,Michael Bublé,34,23.91176470588235,15,7.959624047231254,80.11764705882354,3.0626261842387863,2024-11-24,2024-12-27,1.9964333333333333,album,16,False,34
Holy Roller (feat. Sierra Ferrell) — Zach Bryan,Holy Roller (feat. Sierra Ferrell),Zach Bryan,Zach Bryan,8,23.25,13,8.79529094783924,72.625,13.125085033738147,2024-08-26,2024-09-02,3.600433333333333,album,16,True,8
Home — Good Neighbours,Home,Good Neighbours,Good Neighbours,53,40.075471698113205,27,5.840340666446192,84.56603773584905,11.886497565858672,2025-02-02,2025-04-13,2.62475,single,1,False,71
Houdini — Dua Lipa,Houdini,Dua Lipa,Dua Lipa,13,29.923076923076923,8,15.315904252668956,85.6923076923077,9.012811394385738,2024-11-11,2024-11-23,3.0986166666666666,single,1,False,13
Houdini — Eminem,Houdini,Eminem,Eminem,62,18.241935483870968,4,10.884920361420104,85.95161290322581,12.548172643861678,2025-06-02,2025-08-03,3.787316666666667,single,1,True,63
How Did It End? — Taylor Swift,How Did It End?,Taylor Swift,Taylor Swift,10,35.3,28,7.972870666621067,84.1,2.806737924669446,2025-04-21,2025-05-01,3.9784333333333333,album,31,False,11
How Do You Like Me Now?! — Toby Keith,How Do You Like Me Now?!,Toby Keith,Toby Keith,1,19.0,19,0.0,72.0,0.0,2025-02-08,2025-02-08,3.4844333333333335,album,12,False,1
How You Get The Girl (Taylor's Version) — Taylor Swift,How You Get The Girl (Taylor's Version),Taylor Swift,Taylor Swift,6,33.333333333333336,16,13.779211394948067,68.83333333333333,33.75450587205606,2024-10-29,2024-11-03,4.12555,album,21,False,6
Huntin’ Wabbitz — J. Cole,Huntin’ Wabbitz,J. Cole,J. Cole,4,27.0,9,14.30617582258329,73.75,3.2015621187164225,2025-04-07,2025-04-10,2.7004333333333332,album,12,True,4
I Ain't Worried — OneRepublic,I Ain't Worried,OneRepublic,OneRepublic,3,45.666666666666664,43,2.309401076758502,95.0,0.0,2024-07-05,2024-07-07,2.47475,single,1,False,3
I Can Do It With a Broken Heart — Taylor Swift,I Can Do It With a Broken Heart,Taylor Swift,Taylor Swift,96,22.28125,3,13.13308648133849,87.51041666666667,2.462325779748504,2025-04-21,2025-08-23,3.6334,album,16,True,125
I Can Fix Him (No Really I Can) — Taylor Swift,I Can Fix Him (No Really I Can),Taylor Swift,Taylor Swift,15,28.466666666666665,16,12.07042824821216,79.8,0.5606119105813868,2025-04-21,2025-05-05,2.60495,album,16,False,15
I Can See You (Taylor’s Version) (From The Vault) — Taylor Swift,I Can See You (Taylor’s Version) (From The Vault),Taylor Swift,Taylor Swift,36,25.916666666666668,1,17.96723207874347,89.30555555555556,15.382400786881547,2024-07-09,2024-08-22,4.5531,album,22,False,45
I Gotta — Lil Uzi Vert,I Gotta,Lil Uzi Vert,Lil Uzi Vert,3,16.333333333333332,9,8.082903768654761,76.33333333333333,2.081665999466134,2024-07-02,2024-07-04,2.88375,album,26,True,3
I Had Some Help (Feat. Morgan Wallen) — Post Malone,I Had Some Help (Feat. Morgan Wallen),Post Malone,Post Malone,103,13.16504854368932,1,7.636467060381197,83.42718446601941,5.490815757364744,2025-08-17,2025-11-27,2.970083333333333,album,18,True,103
I Had Some Help (Feat. Morgan Wallen) — Post Malone & Morgan Wallen,I Had Some Help (Feat. Morgan Wallen),Post Malone & Morgan Wallen,Post Malone,95,3.905263157894737,1,1.1856740986919934,93.91578947368421,2.3323039375979318,2025-05-12,2025-08-16,2.970083333333333,single,1,True,97
I Hate It Here — Taylor Swift,I Hate It Here,Taylor Swift,Taylor Swift,9,35.333333333333336,29,7.729812416870153,83.44444444444444,3.004626062886661,2025-04-21,2025-05-01,4.064583333333333,album,31,False,11
"I Hope You Find Your Way Home — Tyler, The Creator",I Hope You Find Your Way Home,"Tyler, The Creator","Tyler, The Creator",4,24.25,14,12.553220038433698,76.0,2.8284271247461916,2025-10-30,2025-11-02,4.495066666666666,album,14,True,4
I KNOW ? — Travis Scott,I KNOW ?,Travis Scott,Travis Scott,221,22.93212669683258,3,11.086023530974911,91.3529411764706,6.312495036266387,2024-07-29,2025-03-20,3.5263666666666666,album,19,True,235
"I Killed You — Tyler, The Creator",I Killed You,"Tyler, The Creator","Tyler, The Creator",10,27.9,7,13.453211099543815,80.7,2.451756739791104,2025-10-30,2025-11-08,2.807,album,14,True,10
I Know Places (Taylor's Version) — Taylor Swift,I Know Places (Taylor's Version),Taylor Swift,Taylor Swift,6,30.833333333333332,18,11.391517311871437,68.33333333333333,33.52412066955174,2024-10-29,2024-11-03,3.2616666666666667,album,21,False,6
I LUV IT (feat. Playboi Carti) — Camila Cabello & Playboi Carti,I LUV IT (feat. Playboi Carti),Camila Cabello & Playboi Carti,Camila Cabello,5,41.2,31,6.942621983083914,80.8,4.086563348340508,2025-03-30,2025-04-06,2.9146666666666667,single,1,True,8
I Look in People's Windows — Taylor Swift,I Look in People's Windows,Taylor Swift,Taylor Swift,8,37.25,31,6.4309519401985,82.5,2.828427124746186,2025-04-21,2025-04-28,2.19845,album,31,False,8
I Love This Bar — Toby Keith,I Love This Bar,Toby Keith,Toby Keith,1,44.0,44,0.0,70.0,0.0,2025-02-08,2025-02-08,5.588883333333333,album,12,False,1
"I Love You, I'm Sorry — Gracie Abrams","I Love You, I'm Sorry",Gracie Abrams,Gracie Abrams,104,25.423076923076923,9,11.036296962061233,88.8173076923077,1.543947928324381,2025-08-08,2025-11-27,2.6191,album,13,True,112
I Remember Everything (feat. Kacey Musgraves) — Zach Bryan,I Remember Everything (feat. Kacey Musgraves),Zach Bryan,Zach Bryan,446,13.90134529147982,1,9.89082643788304,90.08520179372198,3.708708952454907,2024-08-26,2025-11-23,3.786583333333333,album,16,False,455
I Saw Mommy Kissing Santa Claus — The Jackson 5,I Saw Mommy Kissing Santa Claus,The Jackson 5,The Jackson 5,3,43.666666666666664,41,4.618802153517006,83.0,0.0,2024-12-25,2024-12-27,3.0211,album,11,False,3
I Want a Hippopotamus for Christmas (Hippo the Hero) — Gayla Peevey,I Want a Hippopotamus for Christmas (Hippo the Hero),Gayla Peevey,Gayla Peevey,3,44.333333333333336,44,0.5773502691896263,83.0,0.0,2024-12-25,2024-12-27,2.5911,single,1,False,3
I Wish You Would (Taylor's Version) — Taylor Swift,I Wish You Would (Taylor's Version),Taylor Swift,Taylor Swift,8,31.625,13,13.814459298658262,73.0,29.548990797366617,2024-10-29,2024-11-05,3.4608333333333334,album,21,False,8
I might say something stupid featuring the 1975 & jon hopkins — Charli xcx,I might say something stupid featuring the 1975 & jon hopkins,Charli xcx,Charli xcx,1,47.0,47,0.0,65.0,0.0,2025-10-13,2025-10-13,4.176716666666667,album,34,False,1
"I swear, I Really Wanted To Make A ""Rap"" Album But This Is Literally The Way The Wind Blew Me This Time — André 3000","I swear, I Really Wanted To Make A ""Rap"" Album But This Is Literally The Way The Wind Blew Me This Time",André 3000,André 3000,1,31.0,31,0.0,37.0,0.0,2024-11-18,2024-11-18,12.3335,album,8,False,1
I'm Shipping Up To Boston — Dropkick Murphys,I'm Shipping Up To Boston,Dropkick Murphys,Dropkick Murphys,1,48.0,48,0.0,74.0,0.0,2025-03-19,2025-03-19,2.56,album,14,False,1
IDGAF (feat. Yeat) — Drake,IDGAF (feat. Yeat),Drake,Drake,150,20.113333333333333,1,13.45763258230651,91.20666666666666,7.893839809314792,2024-10-07,2025-03-09,4.335183333333333,album,23,True,154
II HANDS II HEAVEN — Beyoncé,II HANDS II HEAVEN,Beyoncé,Beyoncé,2,39.0,36,4.242640687119285,45.5,2.1213203435596424,2025-03-31,2025-04-01,5.688533333333333,album,27,False,2
II MOST WANTED — Beyoncé,II MOST WANTED,Beyoncé,Beyoncé,14,20.642857142857142,4,13.95380920067317,67.28571428571429,7.819389819088007,2025-03-31,2025-04-13,3.47535,album,27,False,14
Ice Attack — Future & Metro Boomin,Ice Attack,Future & Metro Boomin,Future,6,21.833333333333332,8,9.17423929634859,67.33333333333333,33.019186341681205,2025-03-24,2025-03-30,3.320883333333333,album,17,True,7
Igual Que Un Ángel (with Peso Pluma) — Kali Uchis,Igual Que Un Ángel (with Peso Pluma),Kali Uchis,Kali Uchis,35,18.02857142857143,6,12.989782668755957,91.77142857142857,5.070594084498172,2025-01-14,2025-02-18,4.3395,album,14,False,36
In Your Love — Tyler Childers,In Your Love,Tyler Childers,Tyler Childers,7,43.142857142857146,37,4.017817460121495,72.42857142857143,5.287001130355559,2024-07-29,2024-08-06,3.7637666666666667,single,1,False,9
Innocent (Taylor's Version) — Taylor Swift,Innocent (Taylor's Version),Taylor Swift,Taylor Swift,4,32.0,21,10.984838035522722,62.0,41.352146256270665,2024-07-09,2024-07-12,5.02035,album,22,False,4
Is It Over Now? (Taylor's Version) (From The Vault) — Taylor Swift,Is It Over Now? (Taylor's Version) (From The Vault),Taylor Swift,Taylor Swift,89,24.39325842696629,1,17.8749558025697,91.75280898876404,10.020752215999734,2024-10-29,2025-02-07,3.8246166666666666,album,21,False,102
It's Beginning to Look a Lot Like Christmas (with Mitchell Ayres & His Orchestra) — Perry Como,It's Beginning to Look a Lot Like Christmas (with Mitchell Ayres & His Orchestra),Perry Como,Perry Como,34,26.88235294117647,15,9.101330924591766,86.97058823529412,3.3073407253859948,2024-11-24,2024-12-27,2.598883333333333,album,21,False,34
It's Beginning to Look a Lot like Christmas — Michael Bublé,It's Beginning to Look a Lot like Christmas,Michael Bublé,Michael Bublé,37,15.378378378378379,9,8.3810346462559,83.24324324324324,3.9469074068285632,2024-11-20,2024-12-27,3.453316666666667,album,21,False,38
It's Five O'Clock Somewhere — Alan Jackson,It's Five O'Clock Somewhere,Alan Jackson,Alan Jackson,2,24.0,12,16.97056274847714,66.0,4.242640687119285,2024-09-03,2024-09-04,3.8377666666666665,compilation,14,False,2
It's Getting Hot — NLE Choppa,It's Getting Hot,NLE Choppa,NLE Choppa,2,48.0,48,0.0,79.5,0.7071067811865476,2024-08-14,2024-08-15,2.2404,single,1,True,2
It's Up (feat. Young Thug & 21 Savage) — Drake,It's Up (feat. Young Thug & 21 Savage),Drake,Drake,5,34.0,20,13.2664991614216,59.8,33.61101010085832,2025-08-11,2025-08-16,4.633333333333334,single,3,True,6
It's ok I'm ok — Tate McRae,It's ok I'm ok,Tate McRae,Tate McRae,26,33.11538461538461,9,12.277872529316872,84.11538461538461,3.3265829083541187,2025-09-15,2025-11-17,2.6086833333333335,single,1,True,64
It's the Most Wonderful Time of the Year — Andy Williams,It's the Most Wonderful Time of the Year,Andy Williams,Andy Williams,42,12.476190476190476,4,12.863709769580648,76.64285714285714,3.0509608927906537,2024-11-19,2025-11-26,2.5166666666666666,album,12,False,373
I’m Just Ken (From Barbie The Album) — Ryan Gosling,I’m Just Ken (From Barbie The Album),Ryan Gosling,Ryan Gosling,8,43.125,29,9.203066259211033,74.5,3.8913824205360665,2024-07-26,2024-08-08,3.71055,single,1,False,14
JOLENE — Beyoncé,JOLENE,Beyoncé,Beyoncé,9,21.444444444444443,3,16.241236953439778,62.22222222222222,6.057593948462083,2025-03-31,2025-04-08,3.160633333333333,album,27,False,9
JUST FOR FUN — Beyoncé,JUST FOR FUN,Beyoncé,Beyoncé,3,32.666666666666664,24,10.26320287889377,48.666666666666664,2.516611478423584,2025-03-31,2025-04-02,3.4081166666666665,album,27,False,3
Jake's Piano - Long Island — Zach Bryan,Jake's Piano - Long Island,Zach Bryan,Zach Bryan,8,30.5,17,9.227288721117223,71.875,13.195643220396649,2024-08-26,2024-09-02,5.319916666666667,album,16,False,8
Jennifer’s Body — Ken Carson,Jennifer’s Body,Ken Carson,Ken Carson,2,47.0,47,0.0,0.0,0.0,2024-10-14,2024-10-15,2.6419166666666665,album,18,True,2
Jimmy Cooks (feat. 21 Savage) — Drake,Jimmy Cooks (feat. 21 Savage),Drake,Drake,86,44.24418604651163,34,3.9285861743998143,89.3953488372093,0.7400964923964012,2024-05-18,2024-11-17,3.6394,album,14,True,184
Jingle Bell Rock — Bobby Helms,Jingle Bell Rock,Bobby Helms,Bobby Helms,54,13.74074074074074,2,14.758668939810006,87.18518518518519,5.847347646015357,2024-11-12,2025-11-27,2.1828833333333333,single,2,False,381
Jingle Bells - Remastered 1999 — Frank Sinatra,Jingle Bells - Remastered 1999,Frank Sinatra,Frank Sinatra,34,29.764705882352942,17,9.403606089507953,84.79411764705883,3.3100344387543363,2024-11-24,2024-12-27,2.01155,album,15,False,34
Joy To The World — Nat King Cole,Joy To The World,Nat King Cole,Nat King Cole,4,39.25,36,4.716990566028303,86.0,0.0,2024-12-24,2024-12-27,1.4164333333333334,album,19,False,4
"Judge Judy — Tyler, The Creator",Judge Judy,"Tyler, The Creator","Tyler, The Creator",12,25.166666666666668,8,12.705284035559472,81.25,2.4908925016036805,2025-10-30,2025-11-10,4.4937,album,14,True,12
Juno — Sabrina Carpenter,Juno,Sabrina Carpenter,Sabrina Carpenter,87,32.11494252873563,11,10.618572241603244,86.42528735632185,4.758425047018613,2025-08-24,2025-11-24,3.719866666666667,album,12,True,93
Just Wanna Rock — Lil Uzi Vert,Just Wanna Rock,Lil Uzi Vert,Lil Uzi Vert,32,40.0625,16,8.41633396553124,86.34375,7.137404312674227,2024-05-18,2024-07-08,2.0648333333333335,single,1,True,52
K-POP — Travis Scott & Bad Bunny & The Weeknd,K-POP,Travis Scott & Bad Bunny & The Weeknd,Travis Scott,33,18.90909090909091,2,13.172802559543936,87.18181818181819,17.23995095964339,2024-07-23,2024-08-24,3.087,single,1,True,33
KEHLANI — Jordan Adetunji,KEHLANI,Jordan Adetunji,Jordan Adetunji,7,44.857142857142854,43,1.8644544714716094,87.71428571428571,0.4879500364742701,2025-08-09,2025-08-16,2.0393333333333334,single,3,False,8
KEYS TO MY LIFE — Kanye West & Ty Dolla $ign,KEYS TO MY LIFE,Kanye West & Ty Dolla $ign,Kanye West,4,23.0,10,9.83192080250175,79.0,5.715476066494084,2025-02-12,2025-02-15,2.9013833333333334,album,16,True,4
KEYS TO MY LIFE — ¥$ & Kanye West & Ty Dolla $ign,KEYS TO MY LIFE,¥$ & Kanye West & Ty Dolla $ign,¥$,1,47.0,47,0.0,0.0,0.0,2025-02-16,2025-02-16,2.9013833333333334,album,16,True,1
KING — Kanye West & Ty Dolla $ign,KING,Kanye West & Ty Dolla $ign,Kanye West,2,41.5,36,7.7781745930520225,76.5,2.1213203435596424,2025-02-13,2025-02-14,2.6143666666666667,album,16,True,2
Karma (feat. Ice Spice) — Taylor Swift,Karma (feat. Ice Spice),Taylor Swift,Taylor Swift,6,22.833333333333332,1,15.561705133649934,80.83333333333333,2.4832774042918877,2024-05-28,2024-06-03,3.358216666666667,album,23,True,7
Karma — Taylor Swift,Karma,Taylor Swift,Taylor Swift,95,37.136842105263156,24,5.758639256962126,89.86315789473684,1.31772310328524,2024-05-18,2024-11-16,3.4142,album,13,True,183
Kill Bill — SZA,Kill Bill,SZA,SZA,247,22.91497975708502,4,12.162386134444523,92.25910931174089,1.800425654333659,2024-05-18,2025-11-04,2.5657666666666668,album,23,False,536
Knee Deep (feat. Jimmy Buffett) — Zac Brown Band,Knee Deep (feat. Jimmy Buffett),Zac Brown Band,Zac Brown Band,2,46.0,45,1.4142135623730951,77.5,0.7071067811865476,2024-09-03,2024-09-04,3.386216666666667,album,14,False,2
LA DURANGO — Peso Pluma & Junior H & Eslabon Armado,LA DURANGO,Peso Pluma & Junior H & Eslabon Armado,Peso Pluma,1,42.0,42,0.0,70.0,0.0,2025-05-12,2025-05-12,4.381383333333333,single,1,True,1
LA PATRULLA — Peso Pluma,LA PATRULLA,Peso Pluma,Peso Pluma,44,41.13636363636363,33,3.7141521245404467,86.79545454545455,0.40803245735839166,2025-09-16,2025-10-29,2.1769,album,24,True,44
LA PEOPLE II — Peso Pluma & Tito Double P & Joel De La P,LA PEOPLE II,Peso Pluma & Tito Double P & Joel De La P,Peso Pluma,4,45.25,42,3.304037933599835,60.5,40.352612472222084,2025-03-24,2025-03-30,2.3510666666666666,single,1,True,7
LADY GAGA — Peso Pluma,LADY GAGA,Peso Pluma,Peso Pluma,150,29.066666666666666,7,10.963433221803681,92.17333333333333,8.807216890211716,2024-06-25,2024-11-24,3.5479666666666665,album,14,True,153
LALA — Myke Towers,LALA,Myke Towers,Myke Towers,49,38.02040816326531,29,5.5508625302678825,98.6938775510204,0.7130942443748527,2024-07-16,2024-09-11,3.2986666666666666,album,23,True,58
LEVII'S JEANS — Beyoncé,LEVII'S JEANS,Beyoncé,Beyoncé,9,24.22222222222222,10,11.766241729815194,80.0,3.278719262150996,2025-03-31,2025-04-08,4.294983333333334,album,27,True,9
LIL DEMON — Future,LIL DEMON,Future,Future,3,34.0,13,19.0,73.0,3.0,2025-09-22,2025-09-26,2.319933333333333,album,17,True,5
LOOOVE (feat. Kid Cudi) — Travis Scott,LOOOVE (feat. Kid Cudi),Travis Scott,Travis Scott,5,35.8,28,7.918333157931662,84.6,1.1401754250991392,2024-08-01,2024-08-05,3.778583333333333,album,19,True,5
LOOOVE — Travis Scott,LOOOVE,Travis Scott,Travis Scott,3,23.666666666666668,19,4.509249752822893,53.666666666666664,46.5008960487143,2024-07-29,2024-07-31,3.778583333333333,album,19,True,3
LOS PITS — Bad Bunny,LOS PITS,Bad Bunny,Bad Bunny,2,19.0,19,0.0,39.5,55.86143571373726,2024-10-14,2024-10-15,4.18085,album,22,True,2
LOST FOREVER (feat. Westside Gunn) — Travis Scott,LOST FOREVER (feat. Westside Gunn),Travis Scott,Travis Scott,4,34.25,27,7.182153808805082,84.25,0.9574271077563381,2024-08-01,2024-08-04,2.71785,album,19,True,4
LOST FOREVER — Travis Scott,LOST FOREVER,Travis Scott,Travis Scott,3,22.0,16,5.5677643628300215,53.666666666666664,46.5008960487143,2024-07-29,2024-07-31,2.71785,album,19,True,3
LUNA — Peso Pluma,LUNA,Peso Pluma,Peso Pluma,14,25.285714285714285,8,15.622609707277913,73.57142857142857,22.63324405081464,2024-06-25,2024-07-08,2.72585,album,14,True,14
LUNCH — Billie Eilish,LUNCH,Billie Eilish,Billie Eilish,89,19.04494382022472,4,11.155828187706465,93.23595505617978,3.8435970129498624,2025-05-19,2025-08-23,2.9931,album,10,False,97
La Bebe - Remix — Yng Lvcas & Peso Pluma,La Bebe - Remix,Yng Lvcas & Peso Pluma,Yng Lvcas,113,23.831858407079647,6,13.638117967449103,98.00884955752213,1.7190922398029318,2024-05-18,2024-09-18,3.905866666666667,single,2,True,124
La Diabla — Xavi,La Diabla,Xavi,Xavi,104,18.317307692307693,5,13.094328738361877,96.67307692307692,2.435347736149229,2024-12-28,2025-04-18,2.8710666666666667,single,1,False,112
La Víctima — Xavi,La Víctima,Xavi,Xavi,74,24.864864864864863,14,7.375123540779656,94.93243243243244,1.7929166647128156,2024-12-28,2025-03-23,2.60575,single,1,True,86
Lace It (with Eminem & benny blanco) — Juice WRLD & Eminem & benny blanco,Lace It (with Eminem & benny blanco),Juice WRLD & Eminem & benny blanco,Juice WRLD,5,38.4,32,4.669047011971501,78.8,3.9623225512317903,2024-12-20,2024-12-31,3.6254333333333335,single,1,True,12
Last Christmas - Single Version — Wham!,Last Christmas - Single Version,Wham!,Wham!,63,19.666666666666668,4,16.65203658957802,79.76190476190476,7.514962034360535,2024-11-12,2025-11-27,4.432666666666667,album,16,False,381
Last Kiss (Taylor's Version) — Taylor Swift,Last Kiss (Taylor's Version),Taylor Swift,Taylor Swift,5,28.4,18,11.991663771137015,67.2,37.58590161217368,2024-07-09,2024-07-13,6.152,album,22,False,5
Last Night — Morgan Wallen,Last Night,Morgan Wallen,Morgan Wallen,492,22.61178861788618,1,14.554543220677138,85.67682926829268,2.607999543023863,2024-05-18,2025-10-22,2.7309,album,36,True,523
Last Time I Saw You — Nicki Minaj,Last Time I Saw You,Nicki Minaj,Nicki Minaj,3,42.666666666666664,34,7.76745346515403,76.0,3.0,2024-09-03,2024-09-06,3.605783333333333,single,1,False,4
Lavender Haze — Taylor Swift,Lavender Haze,Taylor Swift,Taylor Swift,6,41.0,23,10.119288512538814,88.16666666666667,0.4082482904638627,2024-05-18,2024-06-01,3.37325,album,13,True,15
Let It Snow! Let It Snow! Let It Snow! (with The B. Swanson Quartet) — Frank Sinatra,Let It Snow! Let It Snow! Let It Snow! (with The B. Swanson Quartet),Frank Sinatra,Frank Sinatra,23,35.391304347826086,23,7.83778221434646,88.34782608695652,3.311257597570803,2024-11-25,2024-12-27,2.590883333333333,album,14,False,33
Let It Snow! Let It Snow! Let It Snow! — Dean Martin,Let It Snow! Let It Snow! Let It Snow!,Dean Martin,Dean Martin,42,15.523809523809524,6,13.268775184230954,90.4047619047619,4.680314372438556,2024-11-20,2025-11-26,1.9524333333333332,album,12,False,372
Let Me Calm Down (feat. J. Cole) — Nicki Minaj,Let Me Calm Down (feat. J. Cole),Nicki Minaj,Nicki Minaj,1,42.0,42,0.0,70.0,0.0,2024-12-10,2024-12-10,4.0741,album,22,True,1
Lie To Girls — Sabrina Carpenter,Lie To Girls,Sabrina Carpenter,Sabrina Carpenter,9,27.77777777777778,19,6.437735971942655,74.66666666666667,10.559356040971437,2025-08-24,2025-09-01,3.3666833333333335,album,12,True,9
Lies Lies Lies — Morgan Wallen,Lies Lies Lies,Morgan Wallen,Morgan Wallen,106,27.88679245283019,8,12.868803736698174,85.26415094339623,2.8260754776846513,2025-07-07,2025-10-23,3.3011333333333335,single,1,False,109
Light Year (Practice) — Lil Uzi Vert,Light Year (Practice),Lil Uzi Vert,Lil Uzi Vert,2,29.0,8,29.698484809834994,69.0,1.4142135623730951,2025-11-03,2025-11-04,2.7394333333333334,album,16,True,2
Like Crazy — Jimin,Like Crazy,Jimin,Jimin,2,48.0,48,0.0,84.0,0.0,2025-06-10,2025-06-11,3.53735,single,6,False,2
"Like Him (feat. Lola Young) — Tyler, The Creator",Like Him (feat. Lola Young),"Tyler, The Creator","Tyler, The Creator",29,13.758620689655173,5,5.200653615609931,84.17241379310344,3.2740207425518966,2025-10-30,2025-11-27,4.633566666666667,album,14,True,29
Like That — Future & Metro Boomin,Like That,Future & Metro Boomin,Future,169,19.37869822485207,1,14.701749837869453,90.9585798816568,7.68839186044981,2025-03-24,2025-09-20,4.461766666666667,album,17,True,181
Lil Boo Thang — Paul Russell,Lil Boo Thang,Paul Russell,Paul Russell,1,36.0,36,0.0,87.0,0.0,2025-01-03,2025-01-03,1.9038833333333334,single,1,False,1
Lithonia — Childish Gambino,Lithonia,Childish Gambino,Childish Gambino,7,42.0,28,7.302967433402214,69.28571428571429,5.056820005836528,2025-07-04,2025-07-28,2.9886666666666666,single,1,True,25
Little Saint Nick - 1991 Remix — The Beach Boys,Little Saint Nick - 1991 Remix,The Beach Boys,The Beach Boys,22,31.5,18,10.675963210698622,82.5909090909091,3.514041099430242,2024-11-25,2024-12-27,1.9806666666666666,album,12,False,33
Lonely Road (with Jelly Roll) — mgk & Jelly Roll,Lonely Road (with Jelly Roll),mgk & Jelly Roll,mgk,2,49.0,49,0.0,52.5,19.091883092036785,2025-07-27,2025-07-28,3.1559333333333335,single,1,False,2
Long Live (Taylor's Version) — Taylor Swift,Long Live (Taylor's Version),Taylor Swift,Taylor Swift,5,25.0,20,6.819090848492928,67.2,37.58590161217368,2024-07-09,2024-07-13,5.299333333333333,album,22,False,5
Lose Control — Teddy Swims,Lose Control,Teddy Swims,Teddy Swims,329,23.49544072948328,5,8.652900817894057,90.91793313069908,2.1967160874099365,2024-12-28,2025-11-27,3.5114666666666667,album,10,False,335
Losers (Feat. Jelly Roll) — Post Malone,Losers (Feat. Jelly Roll),Post Malone,Post Malone,6,32.0,20,10.039920318408907,65.83333333333333,13.377842377105011,2025-08-17,2025-08-22,3.483966666666667,album,18,False,6
Love Somebody — Morgan Wallen,Love Somebody,Morgan Wallen,Morgan Wallen,39,21.05128205128205,1,12.571791142220617,83.53846153846153,3.6981229509473903,2025-10-20,2025-11-27,3.4138,single,1,False,39
Love in This Club (feat. Young Jeezy) — USHER,Love in This Club (feat. Young Jeezy),USHER,USHER,1,42.0,42,0.0,78.0,0.0,2025-02-14,2025-02-14,4.328666666666667,album,18,False,1
Lover — Taylor Swift,Lover,Taylor Swift,Taylor Swift,2,40.0,30,14.142135623730951,92.5,0.7071067811865476,2024-10-22,2025-02-16,3.6884333333333332,album,18,False,118
Lovers Rock — TV Girl,Lovers Rock,TV Girl,TV Girl,67,43.08955223880597,35,4.444033600790732,90.01492537313433,1.1480225068197274,2024-10-04,2025-09-25,3.5653333333333332,album,12,False,357
Lovin On Me — Jack Harlow,Lovin On Me,Jack Harlow,Jack Harlow,157,10.751592356687897,1,12.482118518286734,94.96815286624204,8.527046248266272,2024-11-11,2025-04-20,2.30685,single,1,True,161
Lucifer — Eminem,Lucifer,Eminem,Eminem,4,34.5,17,11.676186592091328,76.5,2.645751311064589,2025-07-14,2025-07-17,4.362633333333333,album,19,True,4
Lucky Enough (Poem) — Zach Bryan,Lucky Enough (Poem),Zach Bryan,Zach Bryan,1,31.0,31,0.0,64.0,0.0,2025-07-06,2025-07-06,2.7,album,19,True,1
Lyft Em Up — Lil Uzi Vert,Lyft Em Up,Lil Uzi Vert,Lil Uzi Vert,1,49.0,49,0.0,63.0,0.0,2025-11-03,2025-11-03,2.7432333333333334,album,16,True,1
L’AMOUR DE MA VIE — Billie Eilish,L’AMOUR DE MA VIE,Billie Eilish,Billie Eilish,26,30.26923076923077,12,12.27210721044334,86.3076923076923,6.36722376405435,2025-05-19,2025-06-13,5.566433333333333,album,10,False,26
M-E-X-I-C-O (Feat. Billy Strings) — Post Malone,M-E-X-I-C-O (Feat. Billy Strings),Post Malone,Post Malone,1,49.0,49,0.0,34.0,0.0,2025-08-17,2025-08-17,2.5988,album,18,False,1
MATHEMATICAL DISRESPECT — Lil Mabu,MATHEMATICAL DISRESPECT,Lil Mabu,Lil Mabu,14,27.928571428571427,10,15.112217602956916,86.5,1.4005493427717841,2024-05-18,2024-06-03,1.4717333333333333,single,1,True,17
MELTDOWN (feat. Drake) — Travis Scott,MELTDOWN (feat. Drake),Travis Scott,Travis Scott,86,22.0,1,14.110488381092312,92.5813953488372,1.5065747382259065,2024-08-01,2024-10-28,4.102216666666667,album,19,True,89
MELTDOWN — Travis Scott,MELTDOWN,Travis Scott,Travis Scott,3,1.0,1,0.0,57.0,49.38623289946298,2024-07-29,2024-07-31,4.102216666666667,album,19,True,3
MERCEDES CAROTA — Bad Bunny,MERCEDES CAROTA,Bad Bunny,Bad Bunny,2,17.0,17,0.0,39.5,55.86143571373726,2024-10-14,2024-10-15,3.37725,album,22,True,2
MI EX TENÍA RAZÓN — KAROL G,MI EX TENÍA RAZÓN,KAROL G,KAROL G,15,33.13333333333333,13,10.070229580775395,76.46666666666667,6.555985996091848,2024-08-13,2024-08-27,2.5729,album,9,False,15
MILLION DOLLAR BABY (VHS) — Tommy Richman,MILLION DOLLAR BABY (VHS),Tommy Richman,Tommy Richman,14,39.857142857142854,30,5.627639795716288,78.42857142857143,3.817254061682105,2025-04-29,2025-05-12,2.58585,single,2,False,14
MILLION DOLLAR BABY — Tommy Richman,MILLION DOLLAR BABY,Tommy Richman,Tommy Richman,206,14.946601941747574,1,12.322577458719524,90.0873786407767,11.888183759303027,2025-04-28,2025-11-23,2.58585,single,2,False,210
MODERN JAM (feat. Teezo Touchdown) — Travis Scott,MODERN JAM (feat. Teezo Touchdown),Travis Scott,Travis Scott,6,20.666666666666668,15,7.633260552782582,88.16666666666667,0.7527726527090799,2024-08-01,2024-08-06,4.256866666666666,album,19,True,6
MODERN JAM — Travis Scott,MODERN JAM,Travis Scott,Travis Scott,3,9.666666666666666,5,5.033222956847167,56.0,48.507731342539614,2024-07-29,2024-07-31,4.256866666666666,album,19,True,3
MOJABI GHOST — Tainy,MOJABI GHOST,Tainy,Tainy,8,29.75,23,8.924284685220275,85.75,4.367084676466504,2024-07-02,2024-07-15,3.86885,album,19,True,14
MONACO — Bad Bunny,MONACO,Bad Bunny,Bad Bunny,66,22.333333333333332,1,15.9675953907939,94.13636363636364,12.152728549128847,2024-10-14,2025-01-07,4.453233333333333,album,22,True,86
MR. OCTOBER — Bad Bunny,MR. OCTOBER,Bad Bunny,Bad Bunny,7,25.428571428571427,6,16.102351203650798,72.42857142857143,32.040896485882655,2024-10-14,2024-10-20,3.1543,album,22,True,7
MY EYES — Travis Scott,MY EYES,Travis Scott,Travis Scott,27,26.14814814814815,6,12.58418942013443,86.51851851851852,17.394451746661968,2024-07-29,2025-03-09,4.187483333333334,album,19,True,224
MY HOUSE — Beyoncé,MY HOUSE,Beyoncé,Beyoncé,2,43.5,40,4.949747468305833,41.0,57.982756057296896,2024-12-02,2024-12-09,4.38235,single,1,True,8
MY ROSE — Beyoncé,MY ROSE,Beyoncé,Beyoncé,3,30.0,20,11.135528725660043,50.666666666666664,3.511884584284247,2025-03-31,2025-04-02,0.8907,album,27,False,3
Ma Meilleure Ennemie (from the series Arcane League of Legends) — Stromae & Pomme & Arcane,Ma Meilleure Ennemie (from the series Arcane League of Legends),Stromae & Pomme & Arcane,Stromae,1,36.0,36,0.0,77.0,0.0,2025-11-27,2025-11-27,2.4662166666666665,single,1,False,1
Magic Don Juan (Princess Diana) — Future & Metro Boomin,Magic Don Juan (Princess Diana),Future & Metro Boomin,Future,4,30.25,15,11.206396982676159,58.25,38.853356783337695,2025-03-24,2025-03-28,3.6788833333333333,album,17,True,5
Magnetic — ILLIT,Magnetic,ILLIT,ILLIT,12,43.666666666666664,35,4.7161874689651855,90.33333333333333,2.22928171609085,2025-04-04,2025-04-20,2.6781333333333333,single,4,False,17
"Mama, I’m Sorry — Lil Uzi Vert","Mama, I’m Sorry",Lil Uzi Vert,Lil Uzi Vert,2,29.5,18,16.263455967290593,73.5,2.1213203435596424,2024-07-02,2024-07-03,3.516016666666667,album,26,True,2
Mamaw's House — Thomas Rhett,Mamaw's House,Thomas Rhett,Thomas Rhett,2,13.0,13,0.0,12.5,17.67766952966369,2024-09-30,2024-10-01,3.12115,album,22,False,2
Mamushi (feat. Yuki Chiba) — Megan Thee Stallion,Mamushi (feat. Yuki Chiba),Megan Thee Stallion,Megan Thee Stallion,36,38.72222222222222,25,7.595529177882439,84.47222222222223,3.3422499787770095,2025-07-05,2025-08-12,2.6164666666666667,album,18,True,39
Margaritaville — Jimmy Buffett,Margaritaville,Jimmy Buffett,Jimmy Buffett,3,13.666666666666666,6,12.423096769056148,72.66666666666667,2.516611478423582,2024-09-03,2024-09-05,4.182216666666666,album,10,False,3
Mean (Taylor's Version) — Taylor Swift,Mean (Taylor's Version),Taylor Swift,Taylor Swift,6,23.666666666666668,10,13.246383154154445,71.5,35.04711115056418,2024-07-09,2024-07-14,3.9782166666666665,album,22,False,6
Mechanical Bull — Zach Bryan,Mechanical Bull,Zach Bryan,Zach Bryan,2,29.0,15,19.79898987322333,67.5,2.1213203435596424,2025-07-06,2025-07-07,3.4824333333333333,album,19,False,2
Mele Kalikimaka (Merry Christmas) — Bing Crosby,Mele Kalikimaka (Merry Christmas),Bing Crosby,Bing Crosby,18,37.55555555555556,23,8.603844709828838,83.66666666666667,3.4810410883561214,2024-11-25,2024-12-27,2.9222166666666665,compilation,12,False,33
Members Only (feat. PARTYNEXTDOOR) — Drake,Members Only (feat. PARTYNEXTDOOR),Drake,Drake,7,27.714285714285715,18,8.42049653552342,65.57142857142857,29.159659022109885,2024-10-07,2024-10-13,4.628666666666667,album,23,True,7
Memphis; The Blues (feat. John Moreland) — Zach Bryan,Memphis; The Blues (feat. John Moreland),Zach Bryan,Zach Bryan,1,46.0,46,0.0,63.0,0.0,2025-07-06,2025-07-06,3.1646666666666667,album,19,True,1
Meteor Man — Lil Uzi Vert,Meteor Man,Lil Uzi Vert,Lil Uzi Vert,1,20.0,20,0.0,66.0,0.0,2025-11-03,2025-11-03,3.7928166666666665,album,16,True,1
Mine (Taylor's Version) — Taylor Swift,Mine (Taylor's Version),Taylor Swift,Taylor Swift,8,14.125,1,14.826978306933807,77.75,31.444963257821026,2024-07-09,2024-07-16,3.8617666666666666,album,22,False,8
Missin’ You Like This (Feat. Luke Combs) — Post Malone,Missin’ You Like This (Feat. Luke Combs),Post Malone,Post Malone,3,40.333333333333336,33,6.350852961085883,57.666666666666664,17.09775813764288,2025-08-17,2025-08-19,3.713016666666667,album,18,False,3
Mistletoe And Holly - Remastered 1999 — Frank Sinatra,Mistletoe And Holly - Remastered 1999,Frank Sinatra,Frank Sinatra,2,50.0,50,0.0,81.0,0.0,2024-12-26,2024-12-27,2.2737666666666665,album,15,False,2
Mistletoe — Justin Bieber,Mistletoe,Justin Bieber,Justin Bieber,29,40.0,29,7.111359122659224,89.86206896551724,2.8626179068796733,2024-11-25,2024-12-27,3.0491,album,15,False,33
Mmhmm — BigXthaPlug,Mmhmm,BigXthaPlug,BigXthaPlug,58,42.206896551724135,31,5.336924078595239,80.32758620689656,0.9980319411701616,2025-03-18,2025-11-08,1.9835833333333333,album,7,True,236
Money On The Dresser — Young Thug,Money On The Dresser,Young Thug,Young Thug,1,23.0,23,0.0,70.0,0.0,2024-06-25,2024-06-25,2.216666666666667,album,15,True,1
Money Trees — Kendrick Lamar,Money Trees,Kendrick Lamar,Kendrick Lamar,41,45.073170731707314,35,4.479900913538373,84.70731707317073,0.8439165373134986,2024-05-18,2024-12-01,6.448433333333333,album,13,True,198
"Monster Mash — Bobby ""Boris"" Pickett & The Crypt-Kickers",Monster Mash,"Bobby ""Boris"" Pickett & The Crypt-Kickers","Bobby ""Boris"" Pickett",8,26.25,2,18.506755523321747,77.75,2.9154759474226517,2024-10-29,2025-11-03,3.2006666666666668,album,16,False,371
Moonlight — Kali Uchis,Moonlight,Kali Uchis,Kali Uchis,105,42.266666666666666,30,5.319171903932952,86.78095238095239,1.0740017939835356,2024-05-18,2024-10-06,3.1287166666666666,album,15,False,142
Mourning — Post Malone,Mourning,Post Malone,Post Malone,11,29.181818181818183,9,11.347406591976705,73.9090909090909,11.130629321422445,2024-05-21,2024-08-01,2.46365,single,1,True,73
Mr Chow — Lil Uzi Vert,Mr Chow,Lil Uzi Vert,Lil Uzi Vert,1,39.0,39,0.0,64.0,0.0,2025-11-03,2025-11-03,2.95455,album,16,True,1
Mr. Brightside — The Killers,Mr. Brightside,The Killers,The Killers,3,33.0,21,10.392304845413264,86.66666666666667,0.5773502691896247,2025-01-01,2025-01-03,3.7162166666666665,album,12,False,3
Murder On The Dancefloor — Sophie Ellis-Bextor,Murder On The Dancefloor,Sophie Ellis-Bextor,Sophie Ellis-Bextor,31,35.193548387096776,20,6.794210058761847,87.61290322580645,5.475262059815572,2025-01-07,2025-02-06,3.83355,album,15,False,31
My Boo — USHER,My Boo,USHER,USHER,3,33.0,20,11.532562594670797,84.33333333333333,0.5773502691896278,2025-02-14,2025-02-16,3.724,album,21,False,3
My Boy Only Breaks His Favorite Toys — Taylor Swift,My Boy Only Breaks His Favorite Toys,Taylor Swift,Taylor Swift,29,18.93103448275862,7,10.053183697866771,84.51724137931035,0.9863601796204502,2025-04-21,2025-05-19,3.3966833333333333,album,16,False,29
My Love Mine All Mine — Mitski,My Love Mine All Mine,Mitski,Mitski,224,16.566964285714285,2,14.09433234303875,95.04017857142857,4.791920700913535,2024-09-20,2025-11-20,2.2962166666666666,album,11,False,427
NADIE SABE — Bad Bunny,NADIE SABE,Bad Bunny,Bad Bunny,5,21.6,3,17.372391890583174,66.4,37.1187284264965,2024-10-14,2024-10-18,6.317633333333333,album,22,True,5
NEL — Fuerza Regida,NEL,Fuerza Regida,Fuerza Regida,10,42.3,31,5.945119380167602,87.2,0.4216370213557828,2025-10-02,2025-10-26,2.48455,album,15,True,25
NEW DROP — Don Toliver,NEW DROP,Don Toliver,Don Toliver,4,48.0,46,1.4142135623730951,84.5,0.5773502691896278,2025-10-25,2025-11-09,3.6222166666666666,album,16,True,16
NIGHTS LIKE THIS — The Kid LAROI,NIGHTS LIKE THIS,The Kid LAROI,The Kid LAROI,147,31.591836734693878,20,6.092612978408257,87.60544217687075,1.8600258619841976,2025-06-28,2025-11-27,1.4497166666666668,album,20,False,153
NO ME QUIERO CASAR — Bad Bunny,NO ME QUIERO CASAR,Bad Bunny,Bad Bunny,2,25.0,25,0.0,39.0,55.154328932550705,2024-10-14,2024-10-15,3.7609,album,22,True,2
Nakamura — Lil Uzi Vert,Nakamura,Lil Uzi Vert,Lil Uzi Vert,2,25.5,16,13.435028842544403,73.5,2.1213203435596424,2024-07-02,2024-07-03,3.2983333333333333,album,26,True,2
Needle (feat. Drake) — Nicki Minaj,Needle (feat. Drake),Nicki Minaj,Nicki Minaj,7,29.714285714285715,10,9.911513266807205,79.85714285714286,3.848314411469494,2024-12-10,2024-12-16,3.92815,album,22,True,7
Neva Play (feat. RM of BTS) — Megan Thee Stallion & RM,Neva Play (feat. RM of BTS),Megan Thee Stallion & RM,Megan Thee Stallion,6,44.166666666666664,38,3.4880749227427246,80.0,3.63318042491699,2025-09-08,2025-09-14,2.61955,single,1,True,7
Never Grow Up (Taylor's Version) — Taylor Swift,Never Grow Up (Taylor's Version),Taylor Swift,Taylor Swift,4,26.75,17,8.421203397773187,62.25,41.50803135137424,2024-07-09,2024-07-12,4.882,album,22,False,4
Never Lose Me — Flo Milli,Never Lose Me,Flo Milli,Flo Milli,76,17.82894736842105,5,13.074543365277671,87.27631578947368,10.18835764875514,2025-01-08,2025-04-06,2.09835,single,1,True,89
Never Love You Again (Feat. Sierra Ferrell) — Post Malone,Never Love You Again (Feat. Sierra Ferrell),Post Malone,Post Malone,3,46.333333333333336,39,6.350852961085883,56.333333333333336,17.67295485574875,2025-08-17,2025-08-19,3.11435,album,18,False,3
New Jeans — NewJeans,New Jeans,NewJeans,NewJeans,3,34.666666666666664,31,6.350852961085884,88.33333333333333,0.5773502691896278,2024-07-23,2024-07-25,1.8164333333333333,single,2,False,3
New Romantics (Taylor's Version) — Taylor Swift,New Romantics (Taylor's Version),Taylor Swift,Taylor Swift,9,27.444444444444443,12,11.641639823400213,75.11111111111111,28.237583308617452,2024-10-29,2024-11-06,3.8362833333333333,album,21,False,9
New Romantics — Taylor Swift,New Romantics,Taylor Swift,Taylor Swift,1,31.0,31,0.0,76.0,0.0,2024-08-12,2024-08-12,3.8411,album,19,False,1
New Year’s Day — Taylor Swift,New Year’s Day,Taylor Swift,Taylor Swift,1,39.0,39,0.0,77.0,0.0,2025-01-03,2025-01-03,3.9244333333333334,album,15,False,1
Night Changes — One Direction,Night Changes,One Direction,One Direction,10,31.1,16,9.723396754449777,88.0,1.054092553389452,2025-10-19,2025-10-28,3.776666666666667,album,16,False,10
Nine Ball — Zach Bryan,Nine Ball,Zach Bryan,Zach Bryan,3,43.333333333333336,36,6.350852961085883,46.333333333333336,40.15387071420803,2024-09-24,2024-09-26,2.832333333333333,single,5,False,3
No Complaints — Noah Kahan,No Complaints,Noah Kahan,Noah Kahan,1,24.0,24,0.0,65.0,0.0,2024-06-11,2024-06-11,3.4238666666666666,album,21,False,1
No Face — Drake,No Face,Drake,Drake,3,40.0,37,5.196152422706632,65.66666666666667,7.767453465154028,2025-09-02,2025-09-04,2.2857,single,1,True,3
No One Noticed (Extended English) — The Marías,No One Noticed (Extended English),The Marías,The Marías,2,37.5,30,10.606601717798213,59.0,2.8284271247461903,2025-11-17,2025-11-18,4.7411,single,2,False,2
No One Noticed — The Marías,No One Noticed,The Marías,The Marías,52,36.75,17,9.622023349240704,80.90384615384616,2.4112450236553107,2025-10-02,2025-11-27,3.9484333333333335,album,14,False,57
No Pole — Don Toliver,No Pole,Don Toliver,Don Toliver,7,47.42857142857143,44,2.2990681342044397,82.14285714285714,0.899735410842439,2025-11-13,2025-11-23,3.1268833333333332,album,20,True,11
No Role Modelz — J. Cole,No Role Modelz,J. Cole,J. Cole,272,34.50735294117647,19,7.47146732332637,90.53676470588235,0.900250791095343,2024-05-18,2025-04-12,4.879983333333334,album,13,True,330
"Noid — Tyler, The Creator",Noid,"Tyler, The Creator","Tyler, The Creator",26,19.923076923076923,3,14.59841930326178,81.92307692307692,4.381078195358555,2025-10-23,2025-11-20,4.794883333333333,single,1,True,29
Nonsense — Sabrina Carpenter,Nonsense,Sabrina Carpenter,Sabrina Carpenter,3,48.0,45,2.6457513110645907,84.33333333333333,1.5275252316519485,2025-06-19,2025-06-27,2.7274666666666665,album,13,False,9
Northern Attitude (with Hozier) — Noah Kahan & Hozier,Northern Attitude (with Hozier),Noah Kahan & Hozier,Noah Kahan,8,21.75,2,12.186057606953941,71.625,12.374368670764582,2024-11-11,2024-11-18,4.454266666666666,single,1,True,8
Nosedive (Feat. Lainey Wilson) — Post Malone,Nosedive (Feat. Lainey Wilson),Post Malone,Post Malone,5,34.2,25,7.529940238806679,63.2,14.27235089254745,2025-08-17,2025-08-21,3.20765,album,18,False,5
Not Allowed — TV Girl,Not Allowed,TV Girl,TV Girl,25,43.72,38,3.8678159211627423,88.96,1.4282856857085748,2024-12-28,2025-01-27,2.7977333333333334,album,10,True,31
Not An Option — Lil Uzi Vert,Not An Option,Lil Uzi Vert,Lil Uzi Vert,1,37.0,37,0.0,64.0,0.0,2025-11-03,2025-11-03,2.5149166666666667,album,16,True,1
Not Like Us — Kendrick Lamar,Not Like Us,Kendrick Lamar,Kendrick Lamar,201,11.99502487562189,1,12.712787858073385,93.48258706467662,3.3348081314570086,2025-05-07,2025-11-27,4.569866666666667,single,1,True,205
Novacandy — Post Malone,Novacandy,Post Malone,Post Malone,1,36.0,36,0.0,46.0,0.0,2024-07-29,2024-07-29,3.288116666666667,album,17,True,1
Now And Then — The Beatles,Now And Then,The Beatles,The Beatles,4,34.5,24,12.556538801224908,79.5,4.509249752822896,2024-11-04,2024-11-07,4.138883333333333,single,2,False,4
Now That We Don't Talk (Taylor's Version) (From The Vault) — Taylor Swift,Now That We Don't Talk (Taylor's Version) (From The Vault),Taylor Swift,Taylor Swift,34,14.676470588235293,2,15.193141571187281,88.29411764705883,15.745185722635517,2024-10-29,2024-12-01,2.4406,album,21,False,34
OCEAN — Future,OCEAN,Future,Future,1,36.0,36,0.0,67.0,0.0,2025-09-22,2025-09-22,3.384933333333333,album,17,True,1
OH LOUISIANA — Beyoncé,OH LOUISIANA,Beyoncé,Beyoncé,2,38.5,32,9.192388155425117,46.5,2.1213203435596424,2025-03-31,2025-04-01,0.8699166666666667,album,27,False,2
ONE CALL — Rich Amiri,ONE CALL,Rich Amiri,Rich Amiri,81,24.839506172839506,13,9.674007429865167,85.69135802469135,2.1773950910930315,2025-01-31,2025-05-11,2.0233166666666667,album,14,True,101
Oak Island — Zach Bryan,Oak Island,Zach Bryan,Zach Bryan,5,33.4,18,10.945318634009702,70.6,3.507135583350036,2025-07-06,2025-07-10,3.9901666666666666,album,19,False,5
Of Course (Bonus Track) — Lil Uzi Vert,Of Course (Bonus Track),Lil Uzi Vert,Lil Uzi Vert,1,45.0,45,0.0,68.0,0.0,2024-07-02,2024-07-02,3.4827666666666666,album,26,True,1
Oh U Went (feat. Drake) — Young Thug,Oh U Went (feat. Drake),Young Thug,Young Thug,8,17.375,3,14.201986782539567,80.375,3.5431019500674044,2024-06-25,2024-07-08,3.0888833333333334,album,15,True,14
Oklahoman Son — Zach Bryan,Oklahoman Son,Zach Bryan,Zach Bryan,6,35.333333333333336,22,8.75595035770913,68.66666666666667,14.814407401805404,2024-08-26,2024-08-31,4.157533333333333,album,16,False,6
On The Radar Freestyle — Drake & Central Cee,On The Radar Freestyle,Drake & Central Cee,Drake,1,46.0,46,0.0,72.0,0.0,2024-07-29,2024-07-29,4.588,single,1,True,1
"One Of The Girls (with JENNIE, Lily Rose Depp) — The Weeknd","One Of The Girls (with JENNIE, Lily Rose Depp)",The Weeknd,The Weeknd,41,35.48780487804878,20,7.064424786277757,81.17073170731707,10.153576805797043,2025-02-11,2025-03-29,4.0780666666666665,album,36,False,47
"One Of The Girls (with JENNIE, Lily Rose Depp) — The Weeknd & JENNIE & Lily-Rose Depp","One Of The Girls (with JENNIE, Lily Rose Depp)",The Weeknd & JENNIE & Lily-Rose Depp,The Weeknd,53,30.41509433962264,15,9.884786216637218,96.01886792452831,2.170524272344361,2024-12-28,2025-04-20,4.0780666666666665,single,3,False,114
One Of Your Girls — Troye Sivan,One Of Your Girls,Troye Sivan,Troye Sivan,10,32.4,24,6.915361322607968,82.3,3.198958163736029,2024-10-19,2024-10-28,3.0246833333333334,album,10,False,10
One Thing At A Time — Morgan Wallen,One Thing At A Time,Morgan Wallen,Morgan Wallen,10,45.4,38,3.747591819348052,82.3,0.48304589153964683,2024-05-18,2024-05-31,3.4477333333333333,album,36,False,14
Or What — NLE Choppa,Or What,NLE Choppa,NLE Choppa,13,40.76923076923077,35,4.342692063567753,65.76923076923077,2.31494586523624,2025-10-08,2025-10-20,3.3194166666666667,album,8,True,13
Ours (Taylor’s Version) — Taylor Swift,Ours (Taylor’s Version),Taylor Swift,Taylor Swift,4,31.0,22,8.602325267042628,61.5,41.00812927538473,2024-07-09,2024-07-12,3.93005,album,22,False,4
Out Of My Hands — Future & Metro Boomin,Out Of My Hands,Future & Metro Boomin,Future,2,49.0,49,0.0,71.5,2.1213203435596424,2025-04-14,2025-04-15,4.050666666666666,album,25,True,2
Out Of The Woods (Taylor's Version) — Taylor Swift,Out Of The Woods (Taylor's Version),Taylor Swift,Taylor Swift,11,22.363636363636363,7,13.276089237970098,78.63636363636364,26.142963593566538,2024-10-29,2024-11-08,3.93,album,21,False,11
Out Of The Woods — Taylor Swift,Out Of The Woods,Taylor Swift,Taylor Swift,1,41.0,41,0.0,72.0,0.0,2024-08-12,2024-08-12,3.93,album,13,False,1
Overcompensate — Twenty One Pilots,Overcompensate,Twenty One Pilots,Twenty One Pilots,1,48.0,48,0.0,76.0,0.0,2025-03-03,2025-03-03,3.933333333333333,single,2,False,1
Overdrive — Post Malone,Overdrive,Post Malone,Post Malone,9,28.88888888888889,16,7.849274559544411,75.66666666666667,14.053469322555197,2024-07-16,2024-07-30,2.461316666666667,single,1,False,15
Overtime — Zach Bryan,Overtime,Zach Bryan,Zach Bryan,12,26.5,2,16.09347693943108,77.25,10.830302606365839,2024-08-26,2024-09-09,3.1824333333333334,album,16,True,15
PAID — Kanye West & Ty Dolla $ign,PAID,Kanye West & Ty Dolla $ign,Kanye West,4,21.5,9,14.38749456993816,79.25,5.909032633745277,2025-02-12,2025-02-15,3.25195,album,16,True,4
PAID — ¥$ & Kanye West & Ty Dolla $ign,PAID,¥$ & Kanye West & Ty Dolla $ign,¥$,2,39.0,31,11.313708498984761,15.0,21.213203435596427,2025-02-16,2025-02-17,3.25195,album,16,True,2
PAPERWORK — Kanye West & Ty Dolla $ign,PAPERWORK,Kanye West & Ty Dolla $ign,Kanye West,3,23.333333333333332,16,7.023769168568493,80.66666666666667,2.516611478423582,2025-02-13,2025-02-15,2.42975,album,16,True,3
PAPERWORK — ¥$ & Kanye West & Ty Dolla $ign,PAPERWORK,¥$ & Kanye West & Ty Dolla $ign,¥$,1,41.0,41,0.0,0.0,0.0,2025-02-16,2025-02-16,2.42975,album,16,True,1
PARASAIL (feat. Yung Lean & Dave Chappelle) — Travis Scott,PARASAIL (feat. Yung Lean & Dave Chappelle),Travis Scott,Travis Scott,3,39.666666666666664,32,8.621678104251709,83.66666666666667,0.5773502691896247,2024-08-01,2024-08-03,2.5827333333333335,album,19,True,3
PARASAIL — Travis Scott,PARASAIL,Travis Scott,Travis Scott,3,25.0,17,7.54983443527075,53.666666666666664,46.5008960487143,2024-07-29,2024-07-31,2.5827333333333335,album,19,True,3
PERRO NEGRO — Bad Bunny,PERRO NEGRO,Bad Bunny,Bad Bunny,36,25.583333333333332,11,12.586557455135564,91.16666666666667,16.394249863029064,2024-10-14,2025-01-03,2.7127833333333333,album,22,True,82
PLUTOSKI — Future,PLUTOSKI,Future,Future,1,23.0,23,0.0,68.0,0.0,2025-09-22,2025-09-22,2.9837,album,17,True,1
PRC — Peso Pluma,PRC,Peso Pluma,Peso Pluma,1,45.0,45,0.0,56.0,0.0,2024-07-03,2024-07-03,3.0677666666666665,album,17,True,1
PRC — Peso Pluma & Natanael Cano,PRC,Peso Pluma & Natanael Cano,Peso Pluma,44,27.931818181818183,12,9.107619420082127,95.27272727272727,0.45051063346696596,2024-05-18,2024-07-01,3.0677666666666665,single,1,True,45
PRESS THE BUTTON — Future,PRESS THE BUTTON,Future,Future,1,50.0,50,0.0,66.0,0.0,2025-09-22,2025-09-22,2.8376,album,17,True,1
PROBLEMATIC — Kanye West & Ty Dolla $ign,PROBLEMATIC,Kanye West & Ty Dolla $ign,Kanye West,3,32.666666666666664,27,4.932882862316248,78.66666666666667,2.516611478423582,2025-02-13,2025-02-15,3.245216666666667,album,16,True,3
PROMOTION — ¥$ & Kanye West & Ty Dolla $ign,PROMOTION,¥$ & Kanye West & Ty Dolla $ign,¥$,1,48.0,48,0.0,0.0,0.0,2025-08-04,2025-08-04,2.6479333333333335,album,16,True,1
PROTECTOR — Beyoncé,PROTECTOR,Beyoncé,Beyoncé,4,29.75,14,13.720422734012244,51.0,2.160246899469286,2025-03-31,2025-04-03,3.0733166666666665,album,27,False,4
Paars In The Mars — Lil Uzi Vert,Paars In The Mars,Lil Uzi Vert,Lil Uzi Vert,1,36.0,36,0.0,64.0,0.0,2025-11-03,2025-11-03,3.000366666666667,album,16,True,1
Paint The Town Red — Doja Cat,Paint The Town Red,Doja Cat,Doja Cat,197,16.238578680203045,1,14.631142840758752,87.96954314720813,7.884956374966104,2024-08-06,2025-03-05,3.8625,single,1,True,212
Parade on Cleveland (feat. Drake) — Young Thug,Parade on Cleveland (feat. Drake),Young Thug,Young Thug,1,4.0,4,0.0,73.0,0.0,2024-06-25,2024-06-25,3.8044333333333333,album,15,True,1
Parking Lot — Mustard & Travis Scott,Parking Lot,Mustard & Travis Scott,Mustard,7,38.142857142857146,29,6.890296835129129,70.71428571428571,13.060299712159308,2025-06-22,2025-06-30,2.9220166666666665,single,1,True,9
Party In The U.S.A. — Miley Cyrus,Party In The U.S.A.,Miley Cyrus,Miley Cyrus,7,14.0,4,9.763879010584539,80.71428571428571,1.3801311186847087,2024-07-05,2025-07-08,3.367766666666667,album,7,False,369
Patience (feat. Don Toliver) — Lil Uzi Vert,Patience (feat. Don Toliver),Lil Uzi Vert,Lil Uzi Vert,2,36.5,23,19.091883092036785,26.5,10.606601717798213,2024-07-02,2024-07-03,4.3738166666666665,album,26,False,2
Paul Revere — Noah Kahan,Paul Revere,Noah Kahan,Noah Kahan,1,36.0,36,0.0,65.0,0.0,2024-06-11,2024-06-11,3.5552166666666665,album,21,False,1
Pelle Coat — Lil Durk,Pelle Coat,Lil Durk,Lil Durk,1,41.0,41,0.0,71.0,0.0,2024-05-28,2024-05-28,4.2289666666666665,album,21,True,1
"Peso Pluma: Bzrp Music Sessions, Vol. 55 — Bizarrap & Peso Pluma","Peso Pluma: Bzrp Music Sessions, Vol. 55",Bizarrap & Peso Pluma,Bizarrap,46,23.456521739130434,3,15.676885350716734,95.43478260869566,3.331013685638807,2024-06-03,2024-07-24,3.13935,single,1,True,52
Peter — Taylor Swift,Peter,Taylor Swift,Taylor Swift,7,39.42857142857143,33,6.373307431706683,81.71428571428571,3.0394235042348505,2025-04-21,2025-04-27,4.732616666666667,album,31,False,7
Pi (feat. Daylyt & Ab-Soul) — J. Cole,Pi (feat. Daylyt & Ab-Soul),J. Cole,J. Cole,1,25.0,25,0.0,69.0,0.0,2025-04-07,2025-04-07,5.912883333333333,album,12,True,1
Pink + White — Frank Ocean,Pink + White,Frank Ocean,Frank Ocean,217,39.59907834101382,23,6.838114795864934,89.82027649769586,1.6969345774755333,2024-08-24,2025-11-23,3.075266666666667,album,17,False,457
Pink Pony Club — Chappell Roan,Pink Pony Club,Chappell Roan,Chappell Roan,148,21.66216216216216,12,8.74005094558079,86.53378378378379,2.232766322195665,2025-06-24,2025-11-23,4.300566666666667,album,14,False,153
Pink Skies — Zach Bryan,Pink Skies,Zach Bryan,Zach Bryan,177,22.062146892655367,7,10.871228809072557,86.79661016949153,2.056969811979742,2025-05-26,2025-11-22,3.248666666666667,single,1,False,181
Please Come Home for Christmas - 2013 Remaster — Eagles,Please Come Home for Christmas - 2013 Remaster,Eagles,Eagles,12,38.416666666666664,24,9.976867183032896,87.33333333333333,0.6513389472789359,2024-12-12,2024-12-27,2.957333333333333,single,2,False,16
Please Please Please — Sabrina Carpenter,Please Please Please,Sabrina Carpenter,Sabrina Carpenter,170,9.905882352941177,1,9.685129856698198,92.17647058823529,5.749559222803643,2025-06-09,2025-11-27,3.1060833333333333,single,2,True,172
Pluto to Mars — Lil Uzi Vert,Pluto to Mars,Lil Uzi Vert,Lil Uzi Vert,3,26.333333333333332,19,8.082903768654761,74.66666666666667,2.516611478423582,2024-07-02,2024-07-04,4.1082833333333335,album,26,True,3
Polar Opposites — Drake,Polar Opposites,Drake,Drake,5,36.8,26,8.555699854482976,57.6,32.41604540964243,2024-10-07,2024-10-11,4.286333333333333,album,23,True,5
Popular (with Playboi Carti & Madonna) - From The Idol Vol. 1 (Music from the HBO Original Series) — The Weeknd & Madonna,Popular (with Playboi Carti & Madonna) - From The Idol Vol. 1 (Music from the HBO Original Series),The Weeknd & Madonna,The Weeknd,18,21.666666666666668,15,4.715431487960253,95.83333333333333,0.3834824944236822,2025-01-24,2025-02-10,3.5911,single,1,True,18
Popular (with Playboi Carti & Madonna) - Music from the HBO Original Series — The Weeknd & Madonna,Popular (with Playboi Carti & Madonna) - Music from the HBO Original Series,The Weeknd & Madonna,The Weeknd,27,28.962962962962962,21,7.089979285428571,93.07407407407408,2.0177276999697122,2024-12-28,2025-01-23,3.5911,single,1,True,27
Popular (with Playboi Carti & Madonna) - The Idol Vol. 1 (Music from the HBO Original Series) — The Weeknd & Playboi Carti & Madonna,Popular (with Playboi Carti & Madonna) - The Idol Vol. 1 (Music from the HBO Original Series),The Weeknd & Playboi Carti & Madonna,The Weeknd,3,29.666666666666668,23,7.023769168568492,86.66666666666667,0.5773502691896247,2024-06-10,2024-06-12,3.5911,single,1,True,3
Popular (with Playboi Carti & Madonna) — The Weeknd,Popular (with Playboi Carti & Madonna),The Weeknd,The Weeknd,18,44.666666666666664,28,5.960655313361602,75.5,16.698890417523874,2025-02-11,2025-03-05,3.5911,album,36,True,23
Popular (with Playboi Carti & Madonna) — The Weeknd & Playboi Carti & Madonna,Popular (with Playboi Carti & Madonna),The Weeknd & Playboi Carti & Madonna,The Weeknd,6,18.333333333333332,3,8.547904226573124,81.16666666666667,3.7103458958251667,2024-06-04,2024-06-09,3.5911,single,1,True,6
Popular — Wicked Movie Cast & Cynthia Erivo & Ariana Grande,Popular,Wicked Movie Cast & Cynthia Erivo & Ariana Grande,Wicked Movie Cast,1,44.0,44,0.0,75.0,0.0,2025-11-27,2025-11-27,4.025016666666667,album,12,False,1
Por las Noches — Peso Pluma,Por las Noches,Peso Pluma,Peso Pluma,41,35.146341463414636,20,10.245879600136231,92.82926829268293,0.3809487514345105,2024-05-18,2024-07-18,3.9974166666666666,single,1,False,62
Pour Me A Drink (Feat. Blake Shelton) — Post Malone,Pour Me A Drink (Feat. Blake Shelton),Post Malone,Post Malone,7,22.857142857142858,15,7.7120808136449455,66.0,13.063945294843617,2025-08-17,2025-08-23,3.2520333333333333,album,18,False,7
Pour Me A Drink (Feat. Blake Shelton) — Post Malone & Blake Shelton,Pour Me A Drink (Feat. Blake Shelton),Post Malone & Blake Shelton,Post Malone,28,25.428571428571427,9,12.996947138487366,80.78571428571429,9.1625531896072,2025-06-22,2025-07-20,3.2520333333333333,single,1,False,29
Praise Jah In The Moonlight — YG Marley,Praise Jah In The Moonlight,YG Marley,YG Marley,42,34.45238095238095,21,10.037010489117401,92.9047619047619,2.0930724738891313,2025-02-05,2025-03-26,4.384,single,1,True,50
"Pricey (feat. Ari Lennox, Young Dro & Gucci Mane) — J. Cole","Pricey (feat. Ari Lennox, Young Dro & Gucci Mane)",J. Cole,J. Cole,3,25.666666666666668,7,17.616280348965084,73.66666666666667,2.886751345948127,2025-04-07,2025-04-09,4.9191,album,12,True,3
Princess Diana (with Nicki Minaj) — Ice Spice & Nicki Minaj,Princess Diana (with Nicki Minaj),Ice Spice & Nicki Minaj,Ice Spice,2,49.0,49,0.0,87.0,0.0,2024-05-19,2024-05-20,2.86875,single,1,True,2
Psycho Killer - 2005 Remaster — Talking Heads,Psycho Killer - 2005 Remaster,Talking Heads,Talking Heads,1,46.0,46,0.0,78.0,0.0,2025-11-02,2025-11-02,4.356883333333333,album,16,False,1
Purple Gas — Zach Bryan,Purple Gas,Zach Bryan,Zach Bryan,2,41.0,34,9.899494936611665,65.0,2.8284271247461903,2025-07-06,2025-07-07,3.0025333333333335,album,19,True,2
Push Ups — Drake,Push Ups,Drake,Drake,28,21.214285714285715,11,11.67890514546742,88.35714285714286,3.7831427824190555,2025-04-21,2025-05-18,3.879566666666667,single,1,True,28
QLONA — KAROL G,QLONA,KAROL G,KAROL G,85,28.4,14,10.666145820617055,89.44705882352942,6.64312369574547,2024-08-13,2025-01-02,2.87995,album,9,True,143
Que Onda — Calle 24 & Chino Pacas & Fuerza Regida,Que Onda,Calle 24 & Chino Pacas & Fuerza Regida,Calle 24,56,44.589285714285715,36,2.921872287136735,93.92857142857143,0.8497516825978745,2024-10-22,2025-02-02,3.1911,single,1,True,104
Qué Pasaría... — Rauw Alejandro,Qué Pasaría...,Rauw Alejandro,Rauw Alejandro,9,35.666666666666664,14,10.700467279516348,79.77777777777777,4.0242321558832135,2025-11-17,2025-11-25,3.1836333333333333,album,18,True,9
READY TO COOK UP — Future,READY TO COOK UP,Future,Future,1,26.0,26,0.0,68.0,0.0,2025-09-22,2025-09-22,2.7851833333333333,album,17,True,1
RELOJ — Peso Pluma,RELOJ,Peso Pluma,Peso Pluma,2,47.0,47,0.0,31.5,44.54772721475249,2025-06-22,2025-06-23,3.8700833333333335,album,24,True,2
RIIVERDANCE — Beyoncé,RIIVERDANCE,Beyoncé,Beyoncé,4,36.5,28,8.06225774829855,74.25,3.0956959368344537,2025-03-31,2025-04-03,4.199766666666667,album,27,True,4
ROSA PASTEL — Peso Pluma,ROSA PASTEL,Peso Pluma,Peso Pluma,1,48.0,48,0.0,68.0,0.0,2024-06-25,2024-06-25,3.4042166666666667,album,14,True,1
"Rah Tah Tah — Tyler, The Creator",Rah Tah Tah,"Tyler, The Creator","Tyler, The Creator",25,18.68,2,12.690941651429968,85.76,2.2037846234754146,2025-10-30,2025-11-23,2.756866666666667,album,14,True,25
Ready ‘24 (feat. Cam’ron) — J. Cole,Ready ‘24 (feat. Cam’ron),J. Cole,J. Cole,2,22.5,11,16.263455967290593,71.0,0.0,2025-04-07,2025-04-08,3.5022166666666665,album,12,True,2
Red Button — Drake,Red Button,Drake,Drake,2,20.0,6,19.79898987322333,33.5,47.37615433949868,2024-11-18,2024-11-19,2.667483333333333,album,29,True,2
Red Leather — Future & Metro Boomin,Red Leather,Future & Metro Boomin,Future,2,40.0,40,0.0,71.0,2.8284271247461903,2025-04-14,2025-04-15,6.914883333333333,album,25,True,2
Red Wine Supernova — Chappell Roan,Red Wine Supernova,Chappell Roan,Chappell Roan,149,27.543624161073826,14,9.538317618580638,86.25503355704699,2.520602572788372,2025-04-16,2025-10-29,3.212,album,14,True,197
Rehab — Lil Uzi Vert,Rehab,Lil Uzi Vert,Lil Uzi Vert,1,48.0,48,0.0,68.0,0.0,2024-07-02,2024-07-02,4.0845,album,26,True,1
Religiously — Bailey Zimmerman,Religiously,Bailey Zimmerman,Bailey Zimmerman,67,33.88059701492537,21,7.170060622835936,85.26865671641791,0.7088635709281691,2024-07-19,2024-10-01,2.9787166666666667,album,16,False,75
Renaissance — Eminem,Renaissance,Eminem,Eminem,7,21.714285714285715,2,14.727686916307052,80.57142857142857,2.9358214555806397,2025-07-14,2025-07-20,1.6358666666666666,album,19,True,7
Rich Baby Daddy (feat. Sexyy Red & SZA) — Drake,Rich Baby Daddy (feat. Sexyy Red & SZA),Drake,Drake,141,26.319148936170212,10,9.655730459115363,88.78014184397163,8.33245993396699,2024-10-07,2025-03-30,5.31985,album,23,True,175
Rich Flex — Drake & 21 Savage,Rich Flex,Drake & 21 Savage,Drake,18,44.05555555555556,38,3.472111109333277,90.0,0.0,2024-05-18,2024-06-12,3.989316666666667,album,16,True,26
Rich Girl — Daryl Hall & John Oates,Rich Girl,Daryl Hall & John Oates,Daryl Hall,2,35.0,30,7.0710678118654755,83.0,0.0,2025-07-06,2025-07-07,2.379766666666667,album,9,False,2
Rich Men North of Richmond — Oliver Anthony Music,Rich Men North of Richmond,Oliver Anthony Music,Oliver Anthony Music,54,15.722222222222221,1,12.044597421417834,86.64814814814815,5.359376925934748,2024-08-14,2024-10-06,3.1207333333333334,single,1,False,54
Road Rage — Eminem,Road Rage,Eminem,Eminem,1,23.0,23,0.0,71.0,0.0,2025-07-14,2025-07-14,3.6289333333333333,album,19,True,1
Robin — Taylor Swift,Robin,Taylor Swift,Taylor Swift,4,42.75,37,6.652067347825035,78.5,2.645751311064589,2025-04-21,2025-04-24,4.014883333333334,album,31,False,4
Rockin' Around The Christmas Tree — Brenda Lee,Rockin' Around The Christmas Tree,Brenda Lee,Brenda Lee,61,12.80327868852459,1,15.459430425181852,89.65573770491804,6.84564398212868,2024-11-13,2025-11-27,2.104433333333333,album,12,False,380
Romantic Homicide — d4vd,Romantic Homicide,d4vd,d4vd,22,47.72727272727273,43,2.051290376273482,90.31818181818181,0.9454836825347094,2024-05-18,2025-03-08,2.2105,single,1,False,295
Rompe La Dompe — Peso Pluma & Junior H & Oscar Maydon,Rompe La Dompe,Peso Pluma & Junior H & Oscar Maydon,Peso Pluma,1,32.0,32,0.0,0.0,0.0,2024-12-30,2024-12-30,2.7605666666666666,single,1,True,1
Rudolph The Red-Nosed Reindeer — Burl Ives,Rudolph The Red-Nosed Reindeer,Burl Ives,Burl Ives,8,38.875,29,9.218575966880291,85.75,0.46291004988627915,2024-12-17,2024-12-27,2.1671,album,12,False,11
Run Rudolph Run — Chuck Berry,Run Rudolph Run,Chuck Berry,Chuck Berry,20,32.65,21,8.886861976506312,86.2,3.4883263970895304,2024-11-25,2024-12-27,2.7622166666666668,album,20,False,33
Runnin Outta Time — Future & Metro Boomin,Runnin Outta Time,Future & Metro Boomin,Future,3,32.333333333333336,17,13.428824718989123,51.333333333333336,44.467216388406115,2025-03-24,2025-03-27,3.4246666666666665,album,17,True,4
Rush — Troye Sivan,Rush,Troye Sivan,Troye Sivan,10,42.8,38,3.2249030993194205,85.1,3.695342413844153,2024-07-16,2024-07-28,2.606516666666667,single,1,True,13
S91 — KAROL G,S91,KAROL G,KAROL G,1,23.0,23,0.0,50.0,0.0,2024-08-13,2024-08-13,2.8834166666666667,album,9,False,1
SABOR FRESA — Fuerza Regida,SABOR FRESA,Fuerza Regida,Fuerza Regida,47,32.40425531914894,10,10.791823745756874,91.31914893617021,3.890380460765984,2024-06-25,2024-08-24,2.6083333333333334,single,1,True,61
SAY MY GRACE (feat. Travis Scott) — Offset,SAY MY GRACE (feat. Travis Scott),Offset,Offset,6,31.166666666666668,25,8.998147957589198,64.5,31.70331212980751,2024-10-14,2024-10-19,2.88755,album,21,True,6
SEDA — Bad Bunny,SEDA,Bad Bunny,Bad Bunny,5,26.4,8,16.87601848778319,65.8,36.84698088039236,2024-10-14,2024-10-18,3.1746,album,22,True,5
SIRENS — Travis Scott,SIRENS,Travis Scott,Travis Scott,9,20.88888888888889,9,10.469532516359608,77.0,28.952547383606852,2024-07-29,2024-08-06,3.40745,album,19,True,9
SKI — Future,SKI,Future,Future,2,29.0,14,21.213203435596427,70.5,2.1213203435596424,2025-09-22,2025-09-23,2.4598666666666666,album,17,True,2
SKINNY — Billie Eilish,SKINNY,Billie Eilish,Billie Eilish,14,24.071428571428573,9,11.391388688993816,85.92857142857143,7.680788077697857,2025-05-19,2025-06-01,3.6622166666666667,album,10,False,14
SKITZO (feat. Young Thug) — Travis Scott,SKITZO (feat. Young Thug),Travis Scott,Travis Scott,5,24.2,20,3.8340579025361627,85.8,1.3038404810405302,2024-08-01,2024-08-05,6.109866666666667,album,19,True,5
SKITZO — Travis Scott,SKITZO,Travis Scott,Travis Scott,3,17.333333333333332,14,3.5118845842842465,54.333333333333336,47.07794954470015,2024-07-29,2024-07-31,6.109866666666667,album,19,True,3
SLIDE — ¥$ & Kanye West & Ty Dolla $ign,SLIDE,¥$ & Kanye West & Ty Dolla $ign,¥$,3,40.0,28,10.392304845413264,47.0,40.7308237088326,2025-08-04,2025-08-06,3.301,album,16,True,3
SLUT ME OUT — NLE Choppa,SLUT ME OUT,NLE Choppa,NLE Choppa,33,36.54545454545455,17,9.21646254363255,76.03030303030303,1.0150384378451067,2024-05-18,2024-06-22,2.0612,album,22,True,36
SMOKE HOUR ★ WILLIE NELSON — Beyoncé,SMOKE HOUR ★ WILLIE NELSON,Beyoncé,Beyoncé,3,28.333333333333332,17,13.316656236958787,50.666666666666664,3.214550253664319,2025-03-31,2025-04-02,0.84535,album,27,False,3
SPAGHETTII — Beyoncé,SPAGHETTII,Beyoncé,Beyoncé,6,29.833333333333332,15,12.303116136437415,78.5,3.082207001484489,2025-03-31,2025-04-05,2.6412833333333334,album,27,True,6
STARS — Kanye West & Ty Dolla $ign,STARS,Kanye West & Ty Dolla $ign,Kanye West,4,10.75,4,5.560275772537426,81.0,5.715476066494084,2025-02-12,2025-02-15,1.9206333333333334,album,16,True,4
STARS — ¥$ & Kanye West & Ty Dolla $ign,STARS,¥$ & Kanye West & Ty Dolla $ign,¥$,2,23.0,21,2.8284271247461903,16.0,22.627416997969522,2025-02-16,2025-02-17,1.9206333333333334,album,16,True,2
SWEET ★ HONEY ★ BUCKIIN' — Beyoncé,SWEET ★ HONEY ★ BUCKIIN',Beyoncé,Beyoncé,2,41.5,37,6.363961030678928,71.0,2.8284271247461903,2025-03-31,2025-04-01,4.936416666666666,album,27,True,2
Sailor Song — Gigi Perez,Sailor Song,Gigi Perez,Gigi Perez,94,14.77659574468085,3,11.126983820047311,85.72340425531915,12.094968522292673,2025-08-22,2025-11-27,3.532966666666667,single,1,False,98
Santa Baby (with Henri René & His Orchestra) — Eartha Kitt,Santa Baby (with Henri René & His Orchestra),Eartha Kitt,Eartha Kitt,23,30.565217391304348,18,11.288876612748746,77.30434782608695,2.835405736697948,2024-11-25,2024-12-27,3.4344333333333332,album,14,False,33
"Santa Claus Is Comin' to Town - Live at C.W. Post College, Greenvale, NY - December 1975 — Bruce Springsteen","Santa Claus Is Comin' to Town - Live at C.W. Post College, Greenvale, NY - December 1975",Bruce Springsteen,Bruce Springsteen,5,35.2,31,7.1902712048990205,86.0,0.0,2024-12-23,2024-12-27,4.46,single,1,False,5
Santa Claus Is Coming To Town — The Jackson 5,Santa Claus Is Coming To Town,The Jackson 5,The Jackson 5,5,38.2,33,7.395944834840238,87.0,0.0,2024-12-19,2024-12-27,2.4002166666666667,album,11,False,9
Santa Tell Me - Naughty Version — Ariana Grande,Santa Tell Me - Naughty Version,Ariana Grande,Ariana Grande,2,9.5,9,0.7071067811865476,59.0,4.242640687119285,2024-12-13,2024-12-14,3.39155,single,7,False,2
Santa Tell Me — Ariana Grande,Santa Tell Me,Ariana Grande,Ariana Grande,37,18.89189189189189,7,12.317069871126419,91.75675675675676,4.342332996887253,2024-11-23,2025-11-26,3.40155,single,1,False,369
"Santa, Can’t You Hear Me — Kelly Clarkson","Santa, Can’t You Hear Me",Kelly Clarkson,Kelly Clarkson,4,45.25,42,2.3629078131263053,87.0,0.0,2024-12-24,2024-12-27,4.044066666666667,album,15,False,4
Sarah's Place (feat. Noah Kahan) — Zach Bryan & Noah Kahan,Sarah's Place (feat. Noah Kahan),Zach Bryan & Noah Kahan,Zach Bryan,13,24.076923076923077,4,14.86865572528072,66.07692307692308,20.205038721655296,2024-09-24,2024-10-06,3.5676,single,1,False,13
Saturn Returns Interlude — Ariana Grande,Saturn Returns Interlude,Ariana Grande,Ariana Grande,5,32.0,19,9.9498743710662,79.6,3.209361307176242,2025-03-10,2025-03-15,0.7027666666666667,album,13,False,6
Saturn — SZA,Saturn,SZA,SZA,119,22.92436974789916,3,12.587429607879216,89.91596638655462,12.051851135633518,2025-02-25,2025-06-28,3.1031833333333334,single,5,False,124
Say Don't Go (Taylor's Version) (From The Vault) — Taylor Swift,Say Don't Go (Taylor's Version) (From The Vault),Taylor Swift,Taylor Swift,23,18.304347826086957,4,14.858223259157613,85.34782608695652,18.68545544158045,2024-10-29,2024-11-21,4.663883333333334,album,21,False,24
Say Yes To Heaven — Lana Del Rey,Say Yes To Heaven,Lana Del Rey,Lana Del Rey,15,39.6,10,10.795501708714474,86.66666666666667,4.336994790119522,2024-05-21,2024-06-08,3.4859333333333336,single,2,False,19
Scared To Start — Michael Marcagi,Scared To Start,Michael Marcagi,Michael Marcagi,127,38.976377952755904,13,10.540522386176036,89.14173228346456,1.905399218465062,2025-03-03,2025-09-07,2.6606,single,1,False,189
Screw The World - Interlude — Drake,Screw The World - Interlude,Drake,Drake,2,24.5,21,4.949747468305833,34.0,48.08326112068523,2024-10-07,2024-10-08,1.8682166666666666,album,23,True,2
Search & Rescue — Drake,Search & Rescue,Drake,Drake,84,31.0,11,12.55445967898759,90.16666666666667,1.3428376117035157,2024-05-18,2024-09-09,4.5352,single,1,True,115
"See You Again (feat. Kali Uchis) — Tyler, The Creator",See You Again (feat. Kali Uchis),"Tyler, The Creator","Tyler, The Creator",444,29.382882882882882,4,11.80665438779139,91.08558558558559,2.5939449147292155,2024-05-18,2025-11-26,3.0064333333333333,album,14,True,558
Seen it All — Future & Metro Boomin,Seen it All,Future & Metro Boomin,Future,1,39.0,39,0.0,0.0,0.0,2025-03-24,2025-03-24,2.990666666666667,album,17,True,1
Self Love (Spider-Man: Across the Spider-Verse) (Metro Boomin & Coi Leray) — Metro Boomin,Self Love (Spider-Man: Across the Spider-Verse) (Metro Boomin & Coi Leray),Metro Boomin,Metro Boomin,25,27.44,17,10.801543099637819,86.64,3.762534606706844,2024-06-06,2024-06-30,3.157766666666667,album,13,False,25
Selfish — Justin Timberlake,Selfish,Justin Timberlake,Justin Timberlake,2,44.0,44,0.0,73.0,0.0,2025-01-28,2025-01-29,3.8221833333333333,single,1,False,2
"September — Earth, Wind & Fire & sped up + slowed",September,"Earth, Wind & Fire & sped up + slowed","Earth, Wind & Fire",3,19.666666666666668,12,7.094598884597588,83.33333333333333,2.88675134594813,2024-09-23,2025-09-24,3.6003666666666665,single,3,False,367
Seven (feat. Latto) (Explicit Ver.) — Jung Kook,Seven (feat. Latto) (Explicit Ver.),Jung Kook,Jung Kook,6,30.5,21,9.792854537876073,65.83333333333333,32.45561071165765,2024-11-04,2024-11-09,3.0591666666666666,album,11,True,6
Seven (feat. Latto) (Explicit Ver.) — Jung Kook & Latto,Seven (feat. Latto) (Explicit Ver.),Jung Kook & Latto,Jung Kook,81,22.358024691358025,1,9.439688344928701,98.65432098765432,1.8918277790747797,2024-07-16,2024-10-06,3.0733333333333333,single,3,True,83
Seven (feat. Latto) (Explicit Ver.) — Jung Kook & Latto & BTS,Seven (feat. Latto) (Explicit Ver.),Jung Kook & Latto & BTS,Jung Kook,2,4.0,4,0.0,92.0,1.4142135623730951,2024-07-17,2024-07-18,3.0733333333333333,single,3,True,2
Shake It Off (Taylor's Version) — Taylor Swift,Shake It Off (Taylor's Version),Taylor Swift,Taylor Swift,6,31.833333333333332,15,13.257702163899545,69.83333333333333,34.25444010149146,2024-10-29,2024-11-03,3.6534833333333334,album,21,False,6
Shake It Off — Taylor Swift,Shake It Off,Taylor Swift,Taylor Swift,1,34.0,34,0.0,79.0,0.0,2024-08-12,2024-08-12,3.6533333333333333,album,13,False,1
Sharpest Tool — Sabrina Carpenter,Sharpest Tool,Sabrina Carpenter,Sabrina Carpenter,23,26.52173913043478,8,13.84941602056462,82.69565217391305,7.789472981406584,2025-08-24,2025-09-15,3.6380666666666666,album,12,True,23
She Calls Me Back (with Kacey Musgraves) — Noah Kahan & Kacey Musgraves,She Calls Me Back (with Kacey Musgraves),Noah Kahan & Kacey Musgraves,Noah Kahan,1,46.0,46,0.0,31.0,0.0,2024-10-07,2024-10-07,4.066033333333333,single,1,True,1
She Stank — Lil Uzi Vert,She Stank,Lil Uzi Vert,Lil Uzi Vert,1,50.0,50,0.0,63.0,0.0,2025-11-03,2025-11-03,2.0968333333333335,album,16,True,1
Should've Been A Cowboy — Toby Keith,Should've Been A Cowboy,Toby Keith,Toby Keith,5,27.4,5,16.92040188648012,77.6,1.1401754250991392,2025-02-08,2025-02-12,3.5217666666666667,album,10,False,5
Shut up My Moms Calling — Hotel Ugly,Shut up My Moms Calling,Hotel Ugly,Hotel Ugly,45,46.355555555555554,41,2.939971826979696,89.24444444444444,1.0259265336880903,2024-09-18,2025-11-15,2.74285,single,1,False,424
Si Antes Te Hubiera Conocido — KAROL G,Si Antes Te Hubiera Conocido,KAROL G,KAROL G,51,46.568627450980394,36,3.312128632530956,95.31372549019608,1.2081423107967244,2025-07-15,2025-09-21,3.263733333333333,single,1,False,69
Si No Quieres No — Luis R Conriquez & Neton Vega,Si No Quieres No,Luis R Conriquez & Neton Vega,Luis R Conriquez,1,50.0,50,0.0,89.0,0.0,2025-06-03,2025-06-03,2.4501833333333334,single,1,False,1
Sign Me Up — Post Malone,Sign Me Up,Post Malone,Post Malone,1,44.0,44,0.0,44.0,0.0,2024-07-29,2024-07-29,3.3156166666666667,album,17,True,1
Single Soon — Selena Gomez,Single Soon,Selena Gomez,Selena Gomez,10,35.6,21,8.630694577430537,75.8,26.83612821883548,2024-08-26,2024-09-06,2.8609166666666668,single,1,False,12
Skin and Bones — David Kushner,Skin and Bones,David Kushner,David Kushner,1,37.0,37,0.0,73.0,0.0,2025-01-21,2025-01-21,3.5772,single,1,False,1
Sleigh Ride — The Ronettes,Sleigh Ride,The Ronettes,The Ronettes,34,19.38235294117647,9,8.323077467999706,79.94117647058823,3.708640006146077,2024-11-24,2024-12-27,3.0211,album,15,False,34
Slim Pickins — Sabrina Carpenter,Slim Pickins,Sabrina Carpenter,Sabrina Carpenter,16,24.9375,13,10.298664962022988,79.75,8.999999999999998,2025-08-24,2025-09-08,2.536583333333333,album,12,False,16
Slime You Out (feat. SZA) — Drake,Slime You Out (feat. SZA),Drake,Drake,21,23.38095238095238,4,12.997985191852583,81.57142857142857,3.9569107719460708,2024-10-08,2024-10-28,5.174833333333333,album,23,True,21
Slime You Out (feat. SZA) — Drake & SZA,Slime You Out (feat. SZA),Drake & SZA,Drake,21,9.761904761904763,1,6.869532457924351,83.38095238095238,19.453730209078643,2024-09-17,2024-10-07,5.174833333333333,single,1,True,21
Slimed In — Future & Metro Boomin,Slimed In,Future & Metro Boomin,Future,5,26.0,13,11.090536506409418,63.4,35.47252457889063,2025-03-24,2025-03-29,3.2484333333333333,album,17,True,6
Slow It Down — Benson Boone,Slow It Down,Benson Boone,Benson Boone,197,37.36040609137056,19,7.2137238704532045,87.13197969543147,4.868981647665136,2025-03-24,2025-11-18,2.6971833333333333,single,1,False,240
Smaller Acts — Zach Bryan,Smaller Acts,Zach Bryan,Zach Bryan,11,33.0,19,11.907980517283358,74.18181818181819,12.155806693248966,2024-08-26,2024-09-08,3.121166666666667,album,16,True,14
Smeraldo Garden Marching Band (feat. Loco) — Jimin & Loco,Smeraldo Garden Marching Band (feat. Loco),Jimin & Loco,Jimin,14,40.714285714285715,24,7.965585317511165,88.64285714285714,4.448113564840081,2025-06-30,2025-07-17,3.0473333333333334,single,1,False,18
Snooze (Acoustic) (feat. Justin Bieber) — SZA & Justin Bieber,Snooze (Acoustic) (feat. Justin Bieber),SZA & Justin Bieber,SZA,1,36.0,36,0.0,0.0,0.0,2024-09-17,2024-09-17,3.1744,single,1,True,1
Snooze — SZA,Snooze,SZA,SZA,282,30.45035460992908,9,12.31695948588803,91.87943262411348,1.1094878899774374,2024-05-18,2025-06-21,3.3633333333333333,album,23,True,400
Snow On The Beach (feat. More Lana Del Rey) — Taylor Swift,Snow On The Beach (feat. More Lana Del Rey),Taylor Swift,Taylor Swift,3,20.0,4,16.522711641858304,79.33333333333333,2.081665999466134,2024-05-28,2024-05-30,3.8323666666666667,album,23,True,3
Snowman — Sia,Snowman,Sia,Sia,5,43.6,38,4.277849927241488,94.0,0.0,2024-12-23,2024-12-27,2.765,album,13,False,5
So High School — Taylor Swift,So High School,Taylor Swift,Taylor Swift,18,32.77777777777778,21,9.65618092546735,86.27777777777777,2.8034759004105965,2025-04-21,2025-05-16,3.8133333333333335,album,31,False,26
"So Long, London — Taylor Swift","So Long, London",Taylor Swift,Taylor Swift,35,19.4,4,14.783138248375689,84.97142857142858,1.0977440579692241,2025-04-21,2025-05-25,4.3829,album,16,False,35
Somebody Save Me — Eminem,Somebody Save Me,Eminem,Eminem,10,37.7,24,7.5726114679444905,78.4,3.5339622081862863,2025-07-14,2025-07-24,3.83665,album,19,True,11
Somebody's Watching Me - Single Version — Rockwell,Somebody's Watching Me - Single Version,Rockwell,Rockwell,3,19.333333333333332,7,19.655363983740756,78.33333333333333,0.5773502691896278,2024-11-01,2025-11-03,3.9797666666666665,single,2,False,368
Something Real — Post Malone,Something Real,Post Malone,Post Malone,4,39.25,29,8.301606270274847,68.5,14.479871085982317,2024-07-29,2024-08-01,3.42145,album,17,True,4
Something in the Orange — Zach Bryan,Something in the Orange,Zach Bryan,Zach Bryan,536,26.292910447761194,9,9.347598328133005,88.37126865671642,1.9826902979054108,2024-05-18,2025-11-23,3.8002166666666666,single,4,False,555
Sparks Fly (Taylor’s Version) — Taylor Swift,Sparks Fly (Taylor’s Version),Taylor Swift,Taylor Swift,7,14.714285714285714,3,11.338934190276817,75.14285714285714,33.163376242619265,2024-07-09,2024-07-15,4.353833333333333,album,22,False,7
Speak Now (Taylor's Version) — Taylor Swift,Speak Now (Taylor's Version),Taylor Swift,Taylor Swift,7,22.714285714285715,8,15.228419547174353,74.71428571428571,32.973293666816105,2024-07-09,2024-07-15,4.041216666666666,album,22,False,7
Speed Drive (From Barbie The Album) — Charli XCX,Speed Drive (From Barbie The Album),Charli XCX,Charli XCX,30,37.333333333333336,23,8.018656407074234,87.93333333333334,1.5959719411009854,2024-07-25,2024-08-23,1.9634833333333332,single,1,False,30
Spin Again — Lil Uzi Vert,Spin Again,Lil Uzi Vert,Lil Uzi Vert,2,25.5,13,17.67766952966369,74.5,2.1213203435596424,2024-07-02,2024-07-03,1.6294833333333334,album,26,True,2
Spin You Around (1/24) — Morgan Wallen,Spin You Around (1/24),Morgan Wallen,Morgan Wallen,10,34.5,23,9.991663191547909,76.4,5.460972644339305,2025-01-28,2025-02-06,3.49045,single,1,False,10
"Spooky, Scary Skeletons - Undead Tombstone Remix — Andrew Gold","Spooky, Scary Skeletons - Undead Tombstone Remix",Andrew Gold,Andrew Gold,2,17.5,11,9.192388155425117,77.0,0.0,2024-11-01,2025-11-02,2.0937333333333332,album,14,False,367
Spotless (feat. The Lumineers) — Zach Bryan,Spotless (feat. The Lumineers),Zach Bryan,Zach Bryan,28,25.821428571428573,6,15.444173230460954,81.25,8.479277572302262,2024-08-26,2024-09-22,2.82445,album,16,True,28
"St. Chroma (feat. Daniel Caesar) — Tyler, The Creator",St. Chroma (feat. Daniel Caesar),"Tyler, The Creator","Tyler, The Creator",29,7.551724137931035,1,8.740652994961252,88.44827586206897,2.5012312239111374,2025-10-30,2025-11-27,3.28365,album,14,True,29
Stand By Me (feat. Morgan Wallen) — Lil Durk,Stand By Me (feat. Morgan Wallen),Lil Durk,Lil Durk,31,19.516129032258064,3,11.729935969538042,84.87096774193549,3.2325628169598444,2024-05-28,2024-07-01,3.6528833333333335,album,21,True,35
Standing Next to You — Jung Kook,Standing Next to You,Jung Kook,Jung Kook,14,25.071428571428573,17,7.332375894874476,86.0,25.041504009881734,2024-11-04,2024-11-17,3.43365,album,11,False,14
Stargazing — Myles Smith,Stargazing,Myles Smith,Myles Smith,76,37.43421052631579,23,7.584783936831761,90.75,2.3216373532487866,2025-05-24,2025-08-16,2.87555,single,1,False,85
Stealth Mode (feat. Bas) — J. Cole,Stealth Mode (feat. Bas),J. Cole,J. Cole,1,33.0,33,0.0,68.0,0.0,2025-04-07,2025-04-07,2.25355,album,12,True,1
Stick Season — Noah Kahan,Stick Season,Noah Kahan,Noah Kahan,414,18.28985507246377,1,11.360610915190891,91.09661835748793,3.8172969613699883,2024-09-27,2025-11-27,3.0391,album,14,False,427
"Sticky (feat. GloRilla, Sexyy Red & Lil Wayne) — Tyler, The Creator","Sticky (feat. GloRilla, Sexyy Red & Lil Wayne)","Tyler, The Creator","Tyler, The Creator",29,4.551724137931035,2,3.1462699786135837,85.93103448275862,2.9268588047690596,2025-10-30,2025-11-27,4.26525,album,14,True,29
Stickz N Stonez — J. Cole,Stickz N Stonez,J. Cole,J. Cole,2,33.0,18,21.213203435596427,69.0,0.0,2025-04-07,2025-04-08,3.346433333333333,album,12,True,2
Stories About My Brother — Drake,Stories About My Brother,Drake,Drake,2,29.5,12,24.748737341529164,33.5,47.37615433949868,2024-11-18,2024-11-19,4.402166666666667,album,29,True,2
Story of My Life — One Direction,Story of My Life,One Direction,One Direction,6,37.833333333333336,24,11.14300976696452,84.66666666666667,1.7511900715418254,2025-10-19,2025-10-26,4.09155,album,18,False,8
Strangers — Kenya Grace,Strangers,Kenya Grace,Kenya Grace,83,33.24096385542169,15,9.794959332633592,95.79518072289157,2.4631876835722277,2024-09-18,2025-01-13,2.8827333333333334,single,1,False,118
Style (Taylor's Version) — Taylor Swift,Style (Taylor's Version),Taylor Swift,Taylor Swift,18,26.38888888888889,5,15.782115301780454,84.0,21.03218821655204,2024-10-29,2024-11-15,3.85,album,21,False,18
Style — Taylor Swift,Style,Taylor Swift,Taylor Swift,38,34.39473684210526,8,10.854167150153476,82.89473684210526,0.6058040751966679,2024-07-16,2024-10-28,3.85,album,13,False,105
Suburban Legends (Taylor's Version) (From The Vault) — Taylor Swift,Suburban Legends (Taylor's Version) (From The Vault),Taylor Swift,Taylor Swift,14,15.857142857142858,5,12.799381853205874,80.5,23.263540308652672,2024-10-29,2024-11-11,2.8636333333333335,album,21,False,14
Suicide Doors — Lil Uzi Vert,Suicide Doors,Lil Uzi Vert,Lil Uzi Vert,3,7.0,3,4.0,79.33333333333333,2.081665999466134,2024-07-02,2024-07-04,4.317983333333333,album,26,True,3
Summertime's Close — Zach Bryan,Summertime's Close,Zach Bryan,Zach Bryan,12,27.333333333333332,4,14.754557590689384,76.75,11.03815696078422,2024-08-26,2024-09-09,3.1031,album,16,False,15
Sun to Me — Zach Bryan,Sun to Me,Zach Bryan,Zach Bryan,82,44.207317073170735,33,4.4186412214505975,83.9390243902439,0.6155908729461143,2024-09-05,2025-10-19,2.7171833333333333,album,34,False,410
Sunflower - Spider-Man: Into the Spider-Verse — Post Malone,Sunflower - Spider-Man: Into the Spider-Verse,Post Malone,Post Malone,44,36.09090909090909,26,6.781706521251163,87.18181818181819,1.3855185793107307,2024-06-05,2024-07-28,2.626,album,17,False,54
Super Freak — Rick James,Super Freak,Rick James,Rick James,1,35.0,35,0.0,76.0,0.0,2025-11-02,2025-11-02,3.4244333333333334,album,25,False,1
Super Shy — NewJeans,Super Shy,NewJeans,NewJeans,51,25.54901960784314,9,10.551424028045119,91.54901960784314,13.413893879839959,2024-07-09,2024-09-09,2.5777666666666668,single,2,False,63
Superhero (Heroes & Villains) [with Future & Chris Brown] — Metro Boomin,Superhero (Heroes & Villains) [with Future & Chris Brown],Metro Boomin,Metro Boomin,40,38.675,25,6.244536073178759,90.225,0.42290206176626005,2024-05-18,2024-07-08,3.0444333333333335,album,15,True,52
Superman (Taylor’s Version) — Taylor Swift,Superman (Taylor’s Version),Taylor Swift,Taylor Swift,3,32.333333333333336,23,11.372481406154654,53.666666666666664,46.47938611183815,2024-07-09,2024-07-11,4.582416666666667,album,22,False,3
Sure Thing — Miguel,Sure Thing,Miguel,Miguel,16,43.625,35,4.5,90.875,0.3415650255319873,2024-05-18,2025-01-11,3.2562166666666665,album,13,False,239
Surround Sound (feat. 21 Savage & Baby Tate) — JID,Surround Sound (feat. 21 Savage & Baby Tate),JID,JID,110,25.536363636363635,9,11.9207453685491,92.18181818181819,1.9916422534485032,2024-11-28,2025-03-23,3.8323,album,16,True,116
Sweater Weather — The Neighbourhood,Sweater Weather,The Neighbourhood,The Neighbourhood,183,37.24590163934426,21,7.906713806698787,90.93442622950819,2.0370377042507037,2024-09-12,2025-11-27,4.006666666666667,album,11,False,442
Sweet Dreams — Koe Wetzel,Sweet Dreams,Koe Wetzel,Koe Wetzel,4,43.5,42,1.9148542155126762,75.25,0.9574271077563381,2025-05-24,2025-05-27,2.8878166666666667,single,3,False,4
Sweet Home Alabama — Lynyrd Skynyrd,Sweet Home Alabama,Lynyrd Skynyrd,Lynyrd Skynyrd,3,33.0,26,12.12435565298214,84.33333333333333,2.886751345948127,2024-07-05,2025-07-06,4.73,album,11,True,367
Sympathy is a knife featuring ariana grande — Charli xcx,Sympathy is a knife featuring ariana grande,Charli xcx,Charli xcx,6,29.833333333333332,8,13.07542223664944,75.66666666666667,2.7325202042558905,2025-10-13,2025-10-18,2.568766666666667,album,34,True,6
TALKING — Kanye West & Ty Dolla $ign,TALKING,Kanye West & Ty Dolla $ign,Kanye West,4,10.25,6,4.0311288741492755,78.25,6.652067347825037,2025-02-12,2025-02-15,3.085166666666667,album,16,True,4
TALKING — ¥$ & Kanye West & Ty Dolla $ign,TALKING,¥$ & Kanye West & Ty Dolla $ign,¥$,2,26.0,20,8.48528137423857,54.0,35.35533905932738,2025-02-16,2025-02-17,3.085166666666667,single,1,True,2
TEFLON DON — Future,TEFLON DON,Future,Future,6,35.833333333333336,10,14.972196454317137,75.16666666666667,2.4832774042918935,2025-09-22,2025-09-27,2.6648833333333335,album,17,True,6
TELEFONO NUEVO — Bad Bunny,TELEFONO NUEVO,Bad Bunny,Bad Bunny,5,23.0,10,11.874342087037917,65.8,36.84698088039236,2024-10-14,2024-10-18,5.9130666666666665,album,22,True,5
TELEKINESIS (feat. SZA & Future) — Travis Scott,TELEKINESIS (feat. SZA & Future),Travis Scott,Travis Scott,67,28.611940298507463,10,11.82697894758779,90.56716417910448,1.4166101300342406,2024-08-01,2024-10-06,5.8959,album,19,True,67
TELEKINESIS — Travis Scott,TELEKINESIS,Travis Scott,Travis Scott,3,13.666666666666666,12,1.5275252316519465,54.333333333333336,47.07794954470015,2024-07-29,2024-07-31,5.8959,album,19,True,3
TEXAS HOLD 'EM — Beyoncé,TEXAS HOLD 'EM,Beyoncé,Beyoncé,64,13.671875,1,11.154121862513852,82.625,8.516091211571746,2025-02-14,2025-04-20,3.9272666666666667,single,1,True,66
TGIF — GloRilla,TGIF,GloRilla,GloRilla,2,36.5,36,0.7071067811865476,67.5,0.7071067811865476,2025-10-28,2025-10-29,2.74285,album,15,True,2
THANK GOD — Travis Scott,THANK GOD,Travis Scott,Travis Scott,9,14.333333333333334,4,6.946221994724902,78.44444444444444,29.487756404612703,2024-07-29,2024-08-06,3.0814666666666666,album,19,True,9
THE DINER — Billie Eilish,THE DINER,Billie Eilish,Billie Eilish,14,30.214285714285715,16,9.664992908020569,83.78571428571429,8.275808781563953,2025-05-19,2025-06-01,3.105766666666667,album,10,False,14
THE GREATEST — Billie Eilish,THE GREATEST,Billie Eilish,Billie Eilish,18,29.333333333333332,11,12.83836163269148,85.77777777777777,7.479820346659445,2025-05-19,2025-06-07,4.897333333333333,album,10,False,20
THUNDER Y LIGHTNING — Bad Bunny,THUNDER Y LIGHTNING,Bad Bunny,Bad Bunny,2,30.0,30,0.0,39.0,55.154328932550705,2024-10-14,2024-10-15,3.6188833333333332,album,22,True,2
TIL FURTHER NOTICE (feat. James Blake & 21 Savage) — Travis Scott,TIL FURTHER NOTICE (feat. James Blake & 21 Savage),Travis Scott,Travis Scott,6,27.5,22,10.153817016275209,85.83333333333333,1.1690451944500142,2024-08-01,2024-08-06,5.2472666666666665,album,19,True,6
TIL FURTHER NOTICE — Travis Scott,TIL FURTHER NOTICE,Travis Scott,Travis Scott,3,20.333333333333332,18,2.081665999466133,53.666666666666664,46.5008960487143,2024-07-29,2024-07-31,5.2472666666666665,album,19,True,3
TOO FAST — Future,TOO FAST,Future,Future,2,33.5,17,23.33452377915607,70.5,2.1213203435596424,2025-09-22,2025-09-23,3.4288333333333334,album,17,True,2
TOO MUCH — The Kid LAROI & Jung Kook & Central Cee,TOO MUCH,The Kid LAROI & Jung Kook & Central Cee,The Kid LAROI,1,33.0,33,0.0,55.0,0.0,2024-10-21,2024-10-21,3.398233333333333,single,1,True,1
TOPIA TWINS (feat. Rob49 & 21 Savage) — Travis Scott,TOPIA TWINS (feat. Rob49 & 21 Savage),Travis Scott,Travis Scott,18,26.944444444444443,7,11.628930567502362,89.22222222222223,1.1659661762602773,2024-08-01,2024-08-18,3.71955,album,19,True,18
TOPIA TWINS — Travis Scott,TOPIA TWINS,Travis Scott,Travis Scott,3,7.0,4,3.0,55.666666666666664,48.232077845903895,2024-07-29,2024-07-31,3.71955,album,19,True,3
TQG — KAROL G,TQG,KAROL G,KAROL G,1,50.0,50,0.0,96.0,0.0,2024-05-18,2024-05-18,3.2988833333333334,album,17,True,1
TQM — Fuerza Regida,TQM,Fuerza Regida,Fuerza Regida,68,25.029411764705884,8,10.130448544290438,92.58823529411765,4.361415948764667,2024-05-22,2024-07-28,2.6494166666666668,single,1,True,68
TULUM — Peso Pluma,TULUM,Peso Pluma,Peso Pluma,22,37.90909090909091,28,6.753546446896595,88.9090909090909,4.503005249503524,2024-07-03,2024-08-20,3.49025,album,17,True,49
TV — Billie Eilish,TV,Billie Eilish,Billie Eilish,1,50.0,50,0.0,81.0,0.0,2025-11-09,2025-11-09,4.689666666666667,single,2,False,1
TYRANT — Beyoncé,TYRANT,Beyoncé,Beyoncé,4,37.0,33,4.898979485566356,49.5,3.4156502553198655,2025-03-31,2025-04-03,4.17875,album,27,False,4
"Take Me Home, Country Roads — John Denver","Take Me Home, Country Roads",John Denver,John Denver,2,42.0,42,0.0,78.5,0.7071067811865476,2024-07-05,2024-07-06,3.296883333333333,album,11,False,2
Take Two — BTS,Take Two,BTS,BTS,1,17.0,17,0.0,83.0,0.0,2024-06-11,2024-06-11,3.83255,single,1,False,1
"Take Your Mask Off (feat. Daniel Caesar & LaToiya Williams) — Tyler, The Creator",Take Your Mask Off (feat. Daniel Caesar & LaToiya Williams),"Tyler, The Creator","Tyler, The Creator",12,26.0,8,13.259644860183165,81.16666666666667,2.7247463045653304,2025-10-30,2025-11-10,4.231816666666667,album,14,True,12
Talk talk featuring troye sivan — Charli xcx,Talk talk featuring troye sivan,Charli xcx,Charli xcx,1,48.0,48,0.0,63.0,0.0,2025-10-13,2025-10-13,2.8846,album,34,True,1
Talk talk featuring troye sivan — Charli xcx & Troye Sivan,Talk talk featuring troye sivan,Charli xcx & Troye Sivan,Charli xcx,1,46.0,46,0.0,72.0,0.0,2025-09-15,2025-09-15,2.8846,single,1,True,1
Talking / Once Again — ¥$ & Kanye West & Ty Dolla $ign,Talking / Once Again,¥$ & Kanye West & Ty Dolla $ign,¥$,1,33.0,33,0.0,73.0,0.0,2025-02-11,2025-02-11,3.085166666666667,single,1,True,1
Taste — Sabrina Carpenter,Taste,Sabrina Carpenter,Sabrina Carpenter,96,4.625,1,5.4911411909499614,93.26041666666667,5.213837442536252,2025-08-24,2025-11-27,2.6213166666666665,album,12,False,96
Tell Ur Girlfriend — Lay Bankz,Tell Ur Girlfriend,Lay Bankz,Lay Bankz,33,34.75757575757576,16,9.31071393285144,87.0909090909091,4.010639259859611,2025-04-11,2025-05-14,2.0740666666666665,single,1,True,34
Temporary — Eminem,Temporary,Eminem,Eminem,1,27.0,27,0.0,70.0,0.0,2025-07-14,2025-07-14,4.961116666666666,album,19,True,1
That Fiya — Lil Uzi Vert,That Fiya,Lil Uzi Vert,Lil Uzi Vert,1,20.0,20,0.0,72.0,0.0,2024-07-02,2024-07-02,2.5805333333333333,album,26,True,1
That’s So True — Gracie Abrams,That’s So True,Gracie Abrams,Gracie Abrams,38,8.052631578947368,1,9.863795027629273,87.28947368421052,6.383711936944167,2025-10-20,2025-11-27,2.7716666666666665,album,20,True,39
The Addams Family — Andrew Gold,The Addams Family,Andrew Gold,Andrew Gold,1,39.0,39,0.0,72.0,0.0,2025-11-02,2025-11-02,1.4093333333333333,album,12,False,1
The Albatross — Taylor Swift,The Albatross,Taylor Swift,Taylor Swift,10,33.3,24,9.45221902224258,84.6,2.875181153713046,2025-04-21,2025-05-01,3.0646333333333335,album,31,False,11
The Alchemy — Taylor Swift,The Alchemy,Taylor Swift,Taylor Swift,21,28.761904761904763,11,14.470330894298035,80.42857142857143,1.121223821162784,2025-04-21,2025-05-15,3.2816666666666667,album,16,False,25
The Black Dog — Taylor Swift,The Black Dog,Taylor Swift,Taylor Swift,15,31.066666666666666,20,10.208306608322646,86.33333333333333,2.6903708365381935,2025-04-21,2025-05-05,3.98095,album,31,True,15
The Bolter — Taylor Swift,The Bolter,Taylor Swift,Taylor Swift,7,39.714285714285715,34,5.2508502712826,81.0,3.162277660168381,2025-04-21,2025-04-27,3.970683333333333,album,31,True,7
The Christmas Song (Merry Christmas To You) — Nat King Cole,The Christmas Song (Merry Christmas To You),Nat King Cole,Nat King Cole,34,19.852941176470587,10,6.74259348062152,81.61764705882354,7.567933571215099,2024-11-24,2024-12-27,3.2026666666666666,album,19,False,34
The Emptiness Machine — Linkin Park,The Emptiness Machine,Linkin Park,Linkin Park,16,33.125,17,9.932270636667125,87.3125,6.610282394371161,2025-09-08,2025-11-17,3.173783333333333,single,1,True,71
The End (feat. BABYMETAL) — Lil Uzi Vert,The End (feat. BABYMETAL),Lil Uzi Vert,Lil Uzi Vert,1,43.0,43,0.0,25.0,0.0,2024-07-02,2024-07-02,3.1207333333333334,album,26,False,1
The Great American Bar Scene — Zach Bryan,The Great American Bar Scene,Zach Bryan,Zach Bryan,2,23.0,14,12.727922061357855,68.0,2.8284271247461903,2025-07-06,2025-07-07,3.612,album,19,False,2
The Kind of Love We Make — Luke Combs,The Kind of Love We Make,Luke Combs,Luke Combs,7,47.42857142857143,44,2.1491969707422407,83.57142857142857,0.5345224838248478,2024-05-30,2024-07-24,3.7404333333333333,album,12,False,56
The Man He Sees in Me — Luke Combs,The Man He Sees in Me,Luke Combs,Luke Combs,7,28.0,14,11.604596790352806,60.142857142857146,15.710172621888143,2025-06-14,2025-06-20,2.750966666666667,single,1,False,7
The Manuscript — Taylor Swift,The Manuscript,Taylor Swift,Taylor Swift,5,42.8,36,6.300793600809346,79.8,2.949576240750527,2025-04-21,2025-04-25,3.7457166666666666,album,31,False,5
The Prophecy — Taylor Swift,The Prophecy,Taylor Swift,Taylor Swift,13,34.46153846153846,25,8.66617355599137,84.92307692307692,3.1214723679042464,2025-04-21,2025-05-03,4.16345,album,31,False,13
The Rush (feat. Big Time Rush) — Lil Uzi Vert,The Rush (feat. Big Time Rush),Lil Uzi Vert,Lil Uzi Vert,1,33.0,33,0.0,65.0,0.0,2025-11-03,2025-11-03,3.1130166666666668,album,16,True,1
The Shoe Fits — Drake,The Shoe Fits,Drake,Drake,2,25.0,15,14.142135623730951,33.5,47.37615433949868,2024-11-18,2024-11-19,6.23375,album,29,True,2
The Smallest Man Who Ever Lived — Taylor Swift,The Smallest Man Who Ever Lived,Taylor Swift,Taylor Swift,28,26.785714285714285,12,10.764678670462342,80.03571428571429,0.7926581093427824,2025-04-21,2025-05-18,4.09235,album,16,True,28
The Story Of Us (Taylor's Version) — Taylor Swift,The Story Of Us (Taylor's Version),Taylor Swift,Taylor Swift,6,24.333333333333332,13,11.67333142965909,71.5,35.04711115056418,2024-07-09,2024-07-14,4.460883333333333,album,22,False,6
The Thin Grey Line — $uicideboy$,The Thin Grey Line,$uicideboy$,$uicideboy$,5,40.6,24,10.4546640309481,57.0,14.195069566578391,2025-06-16,2025-06-20,1.7620666666666667,album,13,True,5
The Tortured Poets Department — Taylor Swift,The Tortured Poets Department,Taylor Swift,Taylor Swift,28,22.857142857142858,5,12.176827676990927,84.96428571428571,0.881166855059259,2025-04-21,2025-05-18,4.884133333333334,album,16,True,28
The Way Back — Zach Bryan,The Way Back,Zach Bryan,Zach Bryan,3,44.333333333333336,36,7.371114795831993,67.66666666666667,3.5118845842842448,2025-07-06,2025-07-09,3.092,album,19,True,4
"The girl, so confusing version with lorde — Charli xcx & Lorde","The girl, so confusing version with lorde",Charli xcx & Lorde,Charli xcx,2,25.0,25,0.0,33.5,47.37615433949868,2025-06-22,2025-06-23,3.4323,single,1,False,2
Thick Of It (feat. Trippie Redd) — KSI & Trippie Redd,Thick Of It (feat. Trippie Redd),KSI & Trippie Redd,KSI,2,48.0,46,2.8284271247461903,75.0,0.0,2025-10-14,2025-10-15,2.6807,single,2,False,2
Think U The Shit (Fart) — Ice Spice,Think U The Shit (Fart),Ice Spice,Ice Spice,15,28.0,14,11.777702904823409,80.26666666666667,5.229950377621276,2025-01-28,2025-02-12,2.36065,single,1,True,16
Thinkin Bout You — Frank Ocean,Thinkin Bout You,Frank Ocean,Frank Ocean,7,43.57142857142857,36,5.5334480768366845,87.57142857142857,0.5345224838248478,2025-02-24,2025-03-02,3.3457666666666666,album,17,False,7
Thinkin’ Bout Me — Morgan Wallen,Thinkin’ Bout Me,Morgan Wallen,Morgan Wallen,324,39.01851851851852,21,7.1429215191948865,85.99074074074075,1.6830719943452688,2024-05-18,2025-10-14,2.95645,album,36,False,515
This Christmas — Donny Hathaway,This Christmas,Donny Hathaway,Donny Hathaway,5,35.8,30,7.91833315793166,74.0,0.0,2024-12-23,2024-12-27,3.852883333333333,album,11,False,5
This Is Halloween — Various Artists,This Is Halloween,Various Artists,Various Artists,6,23.166666666666668,4,19.322698224281893,59.833333333333336,4.622409184253018,2024-10-29,2025-11-03,3.276,compilation,20,False,371
This Love (Taylor’s Version) — Taylor Swift,This Love (Taylor’s Version),Taylor Swift,Taylor Swift,6,35.833333333333336,21,11.49637624065369,67.83333333333333,33.28312885932852,2024-10-29,2024-11-03,4.168333333333333,album,21,False,6
This World's A Giant — Zach Bryan,This World's A Giant,Zach Bryan,Zach Bryan,3,23.0,11,10.583005244258363,64.66666666666667,2.309401076758502,2025-11-09,2025-11-11,3.6026666666666665,single,1,False,3
"Thought I Was Dead (feat. ScHoolboy Q & Santigold) — Tyler, The Creator",Thought I Was Dead (feat. ScHoolboy Q & Santigold),"Tyler, The Creator","Tyler, The Creator",25,26.4,6,14.130345596151095,83.48,2.4852900568478273,2025-10-30,2025-11-23,3.4545333333333335,album,14,True,25
Thriller - 2003 Edit — Michael Jackson,Thriller - 2003 Edit,Michael Jackson,Michael Jackson,1,23.0,23,0.0,56.0,0.0,2025-11-02,2025-11-02,5.190666666666667,compilation,18,False,1
Thriller — Michael Jackson,Thriller,Michael Jackson,Michael Jackson,5,25.2,7,17.369513522260778,73.6,0.5477225575051667,2024-10-30,2025-11-03,5.963333333333333,album,9,False,370
Ticking — Zach Bryan,Ticking,Zach Bryan,Zach Bryan,13,26.615384615384617,10,13.200621585986406,76.76923076923077,11.240950776467905,2024-08-26,2024-09-09,4.036666666666667,album,16,False,15
Timeless (Taylor’s Version) (From The Vault) — Taylor Swift,Timeless (Taylor’s Version) (From The Vault),Taylor Swift,Taylor Swift,6,24.0,16,8.854377448471462,70.0,34.322004603461025,2024-07-09,2024-07-14,5.3566,album,22,False,6
Timeless (with Playboi Carti) — The Weeknd & Playboi Carti,Timeless (with Playboi Carti),The Weeknd & Playboi Carti,The Weeknd,60,10.083333333333334,1,6.919125218212972,90.7,2.4515647027001712,2025-09-29,2025-11-27,4.266666666666667,single,1,True,60
Tobey (feat. Big Sean and BabyTron) — Eminem,Tobey (feat. Big Sean and BabyTron),Eminem,Eminem,8,28.125,20,9.078034714943225,75.25,3.770183777256186,2025-07-14,2025-07-21,4.748383333333333,album,19,True,8
Tobey (feat. Big Sean and BabyTron) — Eminem & Big Sean & BabyTron,Tobey (feat. Big Sean and BabyTron),Eminem & Big Sean & BabyTron,Eminem,8,32.875,15,7.827378689117906,77.75,5.650537269018887,2025-07-04,2025-07-13,4.7482,single,1,True,10
"Tomorrow — Tyler, The Creator",Tomorrow,"Tyler, The Creator","Tyler, The Creator",9,31.333333333333332,11,14.465476141489432,79.44444444444444,2.833333333333334,2025-10-30,2025-11-07,3.0387666666666666,album,14,True,9
Too Cool To Die — Post Malone,Too Cool To Die,Post Malone,Post Malone,1,38.0,38,0.0,45.0,0.0,2024-07-29,2024-07-29,3.4158666666666666,album,17,True,1
Too Sweet — Hozier,Too Sweet,Hozier,Hozier,230,16.465217391304346,1,11.679718123941095,83.34782608695652,8.498695998881988,2025-03-24,2025-11-18,4.1904,single,4,False,240
Total Eclipse of the Heart — Bonnie Tyler,Total Eclipse of the Heart,Bonnie Tyler,Bonnie Tyler,1,36.0,36,0.0,80.0,0.0,2025-04-10,2025-04-10,4.456,compilation,48,False,1
Tough — Quavo & Lana Del Rey,Tough,Quavo & Lana Del Rey,Quavo,20,28.45,15,10.0024996875781,84.35,4.997631017739669,2025-07-05,2025-07-25,3.147133333333333,single,1,False,21
Tourniquet — Zach Bryan,Tourniquet,Zach Bryan,Zach Bryan,42,29.833333333333332,8,14.447409535152756,82.5,7.365873849108165,2024-08-26,2024-10-06,3.1508833333333333,album,16,True,42
Tradesman — Zach Bryan,Tradesman,Zach Bryan,Zach Bryan,8,32.375,18,9.210824377561744,71.75,13.540943204117754,2024-08-26,2024-09-02,3.128816666666667,album,16,False,8
Trae The Truth in Ibiza — J. Cole,Trae The Truth in Ibiza,J. Cole,J. Cole,1,34.0,34,0.0,67.0,0.0,2025-04-07,2025-04-07,4.257333333333333,album,12,True,1
Training Season — Dua Lipa,Training Season,Dua Lipa,Dua Lipa,8,32.0,24,6.458659745975609,85.25,3.770183777256186,2025-02-18,2025-02-25,3.49145,single,4,False,8
Trance (with Travis Scott & Young Thug) — Metro Boomin,Trance (with Travis Scott & Young Thug),Metro Boomin,Metro Boomin,19,44.421052631578945,33,4.7878989763973845,90.3157894736842,0.4775669329409211,2024-05-18,2024-06-17,3.2464333333333335,album,15,True,31
Tried Our Best — Drake,Tried Our Best,Drake,Drake,7,21.428571428571427,12,6.1062029351892875,66.0,29.337120967584166,2024-10-07,2024-10-13,3.499833333333333,album,23,True,7
Trouble — Eminem,Trouble,Eminem,Eminem,4,26.5,11,10.598742063723098,77.25,2.5000000000000018,2025-07-14,2025-07-17,0.69145,album,19,True,4
Try That In A Small Town — Jason Aldean,Try That In A Small Town,Jason Aldean,Jason Aldean,7,12.142857142857142,6,4.980915960897534,77.28571428571429,2.497617912751112,2024-07-22,2024-07-28,3.00055,single,2,True,7
Tu Boda — Oscar Maydon & Fuerza Regida,Tu Boda,Oscar Maydon & Fuerza Regida,Oscar Maydon,39,23.58974358974359,11,7.704127221711301,91.33333333333333,2.056227170192681,2025-10-20,2025-11-27,3.764666666666667,single,1,True,39
Turks & Caicos (feat. 21 Savage) — Rod Wave,Turks & Caicos (feat. 21 Savage),Rod Wave,Rod Wave,1,43.0,43,0.0,66.0,0.0,2024-09-17,2024-09-17,3.3890833333333332,album,18,True,1
Two Faced — Linkin Park,Two Faced,Linkin Park,Linkin Park,1,46.0,46,0.0,69.0,0.0,2025-11-17,2025-11-17,3.0597333333333334,album,11,False,1
Type Shit — Future & Metro Boomin,Type Shit,Future & Metro Boomin,Future,85,25.67058823529412,3,13.612309061404433,88.61176470588235,10.041691801170353,2025-03-24,2025-06-19,3.8044333333333333,album,17,True,88
Tú Con Él — Rauw Alejandro,Tú Con Él,Rauw Alejandro,Rauw Alejandro,1,44.0,44,0.0,69.0,0.0,2025-11-17,2025-11-17,4.81885,album,18,False,1
UN PREVIEW — Bad Bunny,UN PREVIEW,Bad Bunny,Bad Bunny,17,26.235294117647058,3,14.337579170508118,74.3529411764706,28.552454308847487,2024-09-27,2024-10-18,2.7597,single,1,False,22
UNA NOCHE EN MEDELLÍN - REMIX — KAROL G,UNA NOCHE EN MEDELLÍN - REMIX,KAROL G,KAROL G,1,40.0,40,0.0,56.0,0.0,2024-08-13,2024-08-13,3.4190666666666667,album,9,True,1
Una Velita — Bad Bunny,Una Velita,Bad Bunny,Bad Bunny,1,20.0,20,0.0,72.0,0.0,2025-09-22,2025-09-22,3.9997666666666665,single,1,True,1
Uncle M — Young Thug,Uncle M,Young Thug,Young Thug,1,38.0,38,0.0,69.0,0.0,2024-06-25,2024-06-25,2.3333333333333335,album,15,True,1
Underneath the Tree — Kelly Clarkson,Underneath the Tree,Kelly Clarkson,Kelly Clarkson,34,20.294117647058822,10,8.778518587540859,83.05882352941177,2.9122643119160503,2024-11-24,2024-12-27,3.8273333333333333,album,14,False,34
Used To Be Young — Miley Cyrus,Used To Be Young,Miley Cyrus,Miley Cyrus,17,22.941176470588236,10,11.945033425211156,74.41176470588235,19.76758338647333,2024-08-26,2024-09-11,3.1864166666666667,album,14,False,17
VOU 787 — Bad Bunny,VOU 787,Bad Bunny,Bad Bunny,3,23.666666666666668,11,21.93931022920578,53.333333333333336,46.18802153517006,2024-10-14,2024-10-16,2.0607166666666665,album,22,True,3
VUELVE CANDY B — Bad Bunny,VUELVE CANDY B,Bad Bunny,Bad Bunny,2,22.0,22,0.0,39.0,55.154328932550705,2024-10-14,2024-10-15,4.436183333333333,album,22,True,2
VULTURES — Kanye West & Ty Dolla $ign,VULTURES,Kanye West & Ty Dolla $ign,Kanye West,3,21.333333333333332,17,3.785938897200183,79.66666666666667,2.516611478423582,2025-02-13,2025-02-15,4.616433333333333,album,16,True,3
VULTURES — ¥$ & Kanye West & Ty Dolla $ign,VULTURES,¥$ & Kanye West & Ty Dolla $ign,¥$,1,49.0,49,0.0,26.0,0.0,2025-02-17,2025-02-17,4.616433333333333,album,16,True,1
VVS — Peso Pluma,VVS,Peso Pluma,Peso Pluma,4,29.0,16,10.392304845413264,78.0,3.559026084010437,2024-06-25,2024-06-28,2.7112666666666665,album,14,True,4
Virginia Beach — Drake,Virginia Beach,Drake,Drake,28,19.071428571428573,2,12.11955435994236,82.60714285714286,16.520109599031752,2024-10-07,2024-11-23,4.1849,album,23,True,48
Vultures — ¥$ & Kanye West & Ty Dolla $ign,Vultures,¥$ & Kanye West & Ty Dolla $ign,¥$,2,33.5,33,0.7071067811865476,32.5,45.96194077712559,2024-11-23,2025-02-16,3.9589,single,1,True,86
WHATCHU KNO ABOUT ME (feat. Sexyy Red) — GloRilla,WHATCHU KNO ABOUT ME (feat. Sexyy Red),GloRilla,GloRilla,12,33.416666666666664,22,6.921092049056645,78.25,0.9653072991634226,2025-11-16,2025-11-27,2.491016666666667,album,15,True,12
WHERE SHE GOES — Bad Bunny,WHERE SHE GOES,Bad Bunny,Bad Bunny,94,21.79787234042553,1,14.553261310758725,95.2872340425532,11.218861173517409,2024-05-21,2024-10-18,3.8617333333333335,single,1,True,151
WHISKEY WHISKEY (feat. Morgan Wallen) — Moneybagg Yo,WHISKEY WHISKEY (feat. Morgan Wallen),Moneybagg Yo,Moneybagg Yo,3,39.666666666666664,38,2.886751345948128,64.33333333333333,3.055050463303895,2025-06-20,2025-06-23,2.6842,album,17,True,4
WILDFLOWER — Billie Eilish,WILDFLOWER,Billie Eilish,Billie Eilish,147,27.959183673469386,10,12.536455088196254,90.07482993197279,3.1947912131368454,2025-05-19,2025-11-27,4.357766666666667,album,10,False,193
WTFYM — Future & Metro Boomin,WTFYM,Future & Metro Boomin,Future,1,40.0,40,0.0,0.0,0.0,2025-03-24,2025-03-24,4.876666666666667,album,17,True,1
Wagon Wheel — Darius Rucker,Wagon Wheel,Darius Rucker,Darius Rucker,2,41.0,41,0.0,83.0,0.0,2024-07-05,2024-07-06,4.972883333333334,album,12,False,2
Wanna Be (with Megan Thee Stallion) — GloRilla,Wanna Be (with Megan Thee Stallion),GloRilla,GloRilla,19,37.63157894736842,25,8.970386628084093,75.73684210526316,5.94270893395295,2025-04-08,2025-06-08,2.6074,album,12,True,62
Want Me Dead (feat. 21 Savage) — Young Thug,Want Me Dead (feat. 21 Savage),Young Thug,Young Thug,1,33.0,33,0.0,69.0,0.0,2024-06-25,2024-06-25,3.2451,album,15,True,1
War Bout It (feat. 21 Savage) — Lil Durk,War Bout It (feat. 21 Savage),Lil Durk,Lil Durk,3,29.333333333333332,13,17.61628034896508,77.33333333333333,3.055050463303895,2024-05-28,2024-05-30,2.6700333333333335,album,21,True,3
Wasted On You — Morgan Wallen,Wasted On You,Morgan Wallen,Morgan Wallen,193,34.740932642487046,14,11.073393090752006,86.56994818652849,1.2733357182879959,2024-05-18,2025-04-20,2.9753333333333334,album,30,False,338
Watch This - ARIZONATEARS Pluggnb Remix — Lil Uzi Vert & sped up nightcore & ARIZONATEARS,Watch This - ARIZONATEARS Pluggnb Remix,Lil Uzi Vert & sped up nightcore & ARIZONATEARS,Lil Uzi Vert,3,47.0,46,1.0,89.0,0.0,2024-05-18,2024-05-20,2.7189833333333335,single,1,True,3
Water — Tyla,Water,Tyla,Tyla,52,31.423076923076923,11,8.289719959900616,94.36538461538461,1.4146134531098693,2024-10-19,2025-03-05,3.3375833333333333,single,1,False,138
We Don't Trust You — Future & Metro Boomin,We Don't Trust You,Future & Metro Boomin,Future,13,27.307692307692307,4,16.947883916016455,78.15384615384616,23.543739981313337,2025-03-24,2025-04-06,3.7702166666666668,album,17,True,14
We Found Love — Rihanna,We Found Love,Rihanna,Rihanna,1,38.0,38,0.0,85.0,0.0,2025-01-03,2025-01-03,3.5871,album,11,False,1
We Good — Lil Uzi Vert,We Good,Lil Uzi Vert,Lil Uzi Vert,1,14.0,14,0.0,67.0,0.0,2025-11-03,2025-11-03,2.0833333333333335,album,16,True,1
We Still Don't Trust You — Future & Metro Boomin,We Still Don't Trust You,Future & Metro Boomin,Future,7,22.714285714285715,15,5.851332774513447,80.71428571428571,3.683941988065034,2025-04-14,2025-04-20,4.215333333333334,album,25,True,7
Welcome To New York (Taylor's Version) — Taylor Swift,Welcome To New York (Taylor's Version),Taylor Swift,Taylor Swift,10,24.0,9,12.292725943057183,77.6,27.30974592013302,2024-10-29,2024-11-07,3.5433333333333334,album,21,False,10
Werewolf (feat. Bring Me The Horizon) — Lil Uzi Vert,Werewolf (feat. Bring Me The Horizon),Lil Uzi Vert,Lil Uzi Vert,3,34.666666666666664,24,12.897028081435403,74.33333333333333,3.055050463303895,2024-07-02,2024-07-04,3.997716666666667,album,26,True,3
What Don't Belong To Me — Post Malone,What Don't Belong To Me,Post Malone,Post Malone,7,27.571428571428573,16,11.759494644146672,68.14285714285714,12.69420565229889,2025-08-17,2025-08-23,3.452933333333333,album,18,False,7
What Is This Feeling? — Wicked Movie Cast & Cynthia Erivo & Ariana Grande,What Is This Feeling?,Wicked Movie Cast & Cynthia Erivo & Ariana Grande,Wicked Movie Cast,1,45.0,45,0.0,73.0,0.0,2025-11-27,2025-11-27,3.8157833333333335,album,12,False,1
"What Was I Made For? [From The Motion Picture ""Barbie""] — Billie Eilish","What Was I Made For? [From The Motion Picture ""Barbie""]",Billie Eilish,Billie Eilish,142,26.45774647887324,3,13.732822017319844,95.2394366197183,2.91955883547956,2024-07-16,2025-03-16,3.70615,single,1,False,244
What Would Pluto Do — Drake,What Would Pluto Do,Drake,Drake,7,18.285714285714285,14,3.3022358947782497,66.0,29.337120967584166,2024-10-07,2024-10-13,3.0499666666666667,album,23,True,7
Whatever She Wants [BONUS] — Bryson Tiller,Whatever She Wants [BONUS],Bryson Tiller,Bryson Tiller,10,20.9,17,2.0789954839350226,62.7,7.056124211554733,2025-04-07,2025-04-16,2.689033333333333,album,19,True,10
Whatever She Wants — Bryson Tiller,Whatever She Wants,Bryson Tiller,Bryson Tiller,79,23.40506329113924,4,14.5386478644581,87.82278481012658,3.579713115818243,2025-02-19,2025-05-23,2.689033333333333,single,1,True,94
When Emma Falls in Love (Taylor’s Version) (From The Vault) — Taylor Swift,When Emma Falls in Love (Taylor’s Version) (From The Vault),Taylor Swift,Taylor Swift,7,21.571428571428573,12,12.554642472768695,73.42857142857143,32.40811185931254,2024-07-09,2024-07-15,4.206416666666667,album,22,False,7
When It Rains It Pours — Luke Combs,When It Rains It Pours,Luke Combs,Luke Combs,6,47.166666666666664,43,3.311595788538611,84.5,1.2247448713915874,2024-07-05,2025-07-30,4.012666666666667,album,12,False,391
Where the Wild Things Are — Luke Combs,Where the Wild Things Are,Luke Combs,Luke Combs,46,43.67391304347826,34,4.94437659400876,84.26086956521739,1.7942473830265375,2025-03-18,2025-08-02,3.9922166666666667,album,18,False,138
Whiskey Glasses — Morgan Wallen,Whiskey Glasses,Morgan Wallen,Morgan Wallen,9,46.22222222222222,39,3.38296385503074,85.33333333333333,1.000000000000001,2024-05-29,2024-07-25,3.9057666666666666,album,14,False,58
White Christmas - 1947 Version — Bing Crosby & Fred Astaire,White Christmas - 1947 Version,Bing Crosby & Fred Astaire,Bing Crosby,56,25.285714285714285,11,10.494525474506457,82.82142857142857,6.753065681888208,2024-11-02,2024-12-27,2.958,album,12,False,56
White Horse — Chris Stapleton,White Horse,Chris Stapleton,Chris Stapleton,2,35.5,35,0.7071067811865476,41.0,22.627416997969522,2024-11-11,2024-11-12,4.464883333333334,album,14,False,2
Who Told You (feat. Drake) — J Hus & Drake,Who Told You (feat. Drake),J Hus & Drake,J Hus,1,31.0,31,0.0,77.0,0.0,2024-06-11,2024-06-11,3.48195,single,1,False,1
Who — Jimin,Who,Jimin,Jimin,129,7.658914728682171,1,5.1348930795085215,92.7984496124031,1.7427521560793966,2025-07-21,2025-11-27,2.848116666666667,album,7,False,130
Who’s Afraid of Little Old Me? — Taylor Swift,Who’s Afraid of Little Old Me?,Taylor Swift,Taylor Swift,41,21.70731707317073,7,13.509707440279792,83.48780487804878,1.1428462543035418,2025-04-21,2025-06-01,5.568066666666667,album,16,False,42
Wick Man — Drake,Wick Man,Drake,Drake,1,21.0,21,0.0,0.0,0.0,2024-11-18,2024-11-18,3.0238,album,29,True,1
Wild Ones (feat. Jelly Roll) — Jessie Murph & Jelly Roll,Wild Ones (feat. Jelly Roll),Jessie Murph & Jelly Roll,Jessie Murph,3,46.666666666666664,46,1.1547005383792526,84.0,0.0,2025-04-14,2025-04-16,2.356116666666667,single,1,True,3
Wildest Dreams (Taylor's Version) — Taylor Swift,Wildest Dreams (Taylor's Version),Taylor Swift,Taylor Swift,15,29.2,10,13.417472617023352,79.2,21.98765887622288,2024-10-29,2024-11-14,3.6738833333333334,album,21,False,17
Wildflower and Barley (feat. Allison Russell) — Hozier,Wildflower and Barley (feat. Allison Russell),Hozier,Hozier,2,32.0,16,22.627416997969522,55.5,21.920310216782973,2025-03-24,2025-03-26,3.70295,single,4,False,3
Wind Up Missin’ You — Tucker Wetmore,Wind Up Missin’ You,Tucker Wetmore,Tucker Wetmore,13,46.07692307692308,41,3.2005608482873353,71.6923076923077,13.62830764367936,2025-06-09,2025-10-07,2.767333333333333,single,1,True,121
Winter Wonderland - Remastered — Bing Crosby,Winter Wonderland - Remastered,Bing Crosby,Bing Crosby,3,46.666666666666664,46,1.154700538379251,74.0,0.0,2024-12-25,2024-12-27,2.3746666666666667,album,11,False,3
Winter Wonderland - Spotify Singles Holiday — Laufey,Winter Wonderland - Spotify Singles Holiday,Laufey,Laufey,4,39.75,37,2.0615528128088303,87.0,0.0,2024-12-24,2024-12-27,2.2133333333333334,single,1,False,4
"Wit Da Racks (feat. 21 Savage, Travis Scott & Yak Gotti) — Young Thug","Wit Da Racks (feat. 21 Savage, Travis Scott & Yak Gotti)",Young Thug,Young Thug,1,13.0,13,0.0,71.0,0.0,2024-06-25,2024-06-25,3.77355,album,15,True,1
Wonderful Christmastime - Edited Version / Remastered 2011 — Paul McCartney,Wonderful Christmastime - Edited Version / Remastered 2011,Paul McCartney,Paul McCartney,13,38.0,26,8.366600265340756,90.61538461538461,0.7679476477883045,2024-12-11,2024-12-27,3.794216666666667,album,19,False,17
Wonderland (Taylor's Version) — Taylor Swift,Wonderland (Taylor's Version),Taylor Swift,Taylor Swift,6,30.5,19,9.22496612459905,68.16666666666667,33.43899918757538,2024-10-29,2024-11-03,4.092766666666667,album,21,False,6
World Tour (Aquafina) — Juice WRLD,World Tour (Aquafina),Juice WRLD,Juice WRLD,1,49.0,49,0.0,68.0,0.0,2025-09-12,2025-09-12,2.5951833333333334,single,2,True,1
Wrong Ones (Feat. Tim McGraw) — Post Malone,Wrong Ones (Feat. Tim McGraw),Post Malone,Post Malone,7,18.285714285714285,9,5.707138387268052,69.42857142857143,11.956269524913738,2025-08-17,2025-08-23,3.2637,album,18,True,7
YA YA — Beyoncé,YA YA,Beyoncé,Beyoncé,7,31.142857142857142,20,10.714920616109286,78.14285714285714,3.2366943748507473,2025-03-31,2025-04-06,4.579433333333333,album,27,True,7
Yeah Glo! — GloRilla,Yeah Glo!,GloRilla,GloRilla,28,44.285714285714285,32,4.378881498122916,77.75,1.993043457183565,2025-05-13,2025-07-05,2.3783666666666665,album,12,True,54
Yeah! (feat. Lil Jon & Ludacris) — USHER,Yeah! (feat. Lil Jon & Ludacris),USHER,USHER,8,30.5,8,14.5209208680835,88.5,0.7559289460184518,2025-02-13,2025-02-20,4.172883333333333,album,21,False,8
You Are In Love (Taylor's Version) — Taylor Swift,You Are In Love (Taylor's Version),Taylor Swift,Taylor Swift,6,32.0,22,9.633275663033835,68.0,33.37663853655727,2024-10-29,2024-11-03,4.456483333333333,album,21,False,6
You Broke My Heart — Drake,You Broke My Heart,Drake,Drake,7,16.0,2,11.40175425099138,66.28571428571429,29.41492980168566,2024-11-18,2024-11-24,3.84515,album,29,True,7
You Proof — Morgan Wallen,You Proof,Morgan Wallen,Morgan Wallen,302,32.59933774834437,9,12.026068012959367,84.66225165562913,1.9025683540347773,2024-05-18,2025-08-12,2.624616666666667,album,36,False,452
You Should Probably Leave — Chris Stapleton,You Should Probably Leave,Chris Stapleton,Chris Stapleton,2,46.0,46,0.0,86.0,0.0,2025-02-26,2025-02-27,3.5582166666666666,album,14,False,2
Young Metro — Future & Metro Boomin,Young Metro,Future & Metro Boomin,Future,13,29.53846153846154,6,16.199873377156297,77.61538461538461,23.397074110304416,2025-03-24,2025-04-06,3.422433333333333,album,17,True,14
"Your Needs, My Needs — Noah Kahan","Your Needs, My Needs",Noah Kahan,Noah Kahan,1,47.0,47,0.0,64.0,0.0,2024-06-11,2024-06-11,3.4646666666666666,album,21,False,1
Yours — Post Malone,Yours,Post Malone,Post Malone,1,46.0,46,0.0,37.0,0.0,2025-08-17,2025-08-17,3.3239666666666667,album,18,False,1
You’re Gonna Go Far — Noah Kahan,You’re Gonna Go Far,Noah Kahan,Noah Kahan,1,39.0,39,0.0,65.0,0.0,2024-06-11,2024-06-11,4.7728166666666665,album,21,True,1
You’re Losing Me (From The Vault) — Taylor Swift,You’re Losing Me (From The Vault),Taylor Swift,Taylor Swift,16,21.5,1,18.611824198610947,84.75,22.825424421026657,2024-11-30,2024-12-16,4.630516666666667,single,1,False,17
Zoom (Bonus Track) — Lil Uzi Vert,Zoom (Bonus Track),Lil Uzi Vert,Lil Uzi Vert,1,32.0,32,0.0,70.0,0.0,2024-07-02,2024-07-02,2.7668666666666666,album,26,True,1
act ii: date @ 8 (feat. Drake) - remix — 4batz & Drake,act ii: date @ 8 (feat. Drake) - remix,4batz & Drake,4batz,13,33.23076923076923,16,8.955015784034538,82.3076923076923,3.568020351787421,2025-03-10,2025-03-23,3.8556333333333335,single,1,True,14
act ii: date @ 8 — 4batz,act ii: date @ 8,4batz,4batz,53,37.283018867924525,25,6.904227686131508,85.16981132075472,9.937759864152563,2025-01-18,2025-03-13,1.8947333333333334,single,1,True,55
all of me — 21 Savage,all of me,21 Savage,21 Savage,10,22.9,8,14.145670715805597,83.6,3.16929715306792,2025-01-14,2025-01-24,3.304866666666667,album,15,True,11
all-american bitch — Olivia Rodrigo,all-american bitch,Olivia Rodrigo,Olivia Rodrigo,27,17.703703703703702,4,12.076088308384833,88.48148148148148,2.4395833561423848,2024-09-10,2024-10-06,2.7638833333333332,album,12,True,27
august — Taylor Swift,august,Taylor Swift,Taylor Swift,39,30.641025641025642,9,10.810538667836996,91.7948717948718,1.4721893324227444,2024-08-03,2025-08-03,4.365366666666667,album,16,False,366
back at it — Gunna,back at it,Gunna,Gunna,1,44.0,44,0.0,67.0,0.0,2024-06-18,2024-06-18,3.102883333333333,album,15,True,1
back to the moon — Gunna,back to the moon,Gunna,Gunna,2,27.5,18,13.435028842544403,71.0,2.8284271247461903,2024-06-18,2024-06-19,3.2222166666666667,album,15,True,2
bad idea right? — Olivia Rodrigo,bad idea right?,Olivia Rodrigo,Olivia Rodrigo,83,17.843373493975903,1,14.33610649571082,90.855421686747,3.499590673348441,2024-08-13,2024-11-10,3.0797166666666667,single,1,True,90
ballad of a homeschooled girl — Olivia Rodrigo,ballad of a homeschooled girl,Olivia Rodrigo,Olivia Rodrigo,14,18.571428571428573,10,7.418420791042189,85.14285714285714,2.7695360027141094,2024-09-10,2024-09-23,3.389483333333333,album,12,False,14
bye — Ariana Grande,bye,Ariana Grande,Ariana Grande,13,16.846153846153847,2,9.538047964565862,85.92307692307692,3.174416966455893,2025-03-10,2025-03-23,2.7487833333333334,album,13,False,14
cardigan — Taylor Swift,cardigan,Taylor Swift,Taylor Swift,13,45.53846153846154,36,5.4713707090543044,91.53846153846153,0.5188745216627669,2024-08-07,2024-10-26,3.9926666666666666,album,16,False,81
dangerous — 21 Savage,dangerous,21 Savage,21 Savage,5,26.2,15,11.861703081766969,79.0,3.1622776601683804,2025-01-14,2025-01-18,4.42175,album,15,True,5
"dodger blue (feat. wallie the sensei, roddy ricch, siete7x) — Kendrick Lamar","dodger blue (feat. wallie the sensei, roddy ricch, siete7x)",Kendrick Lamar,Kendrick Lamar,1,10.0,10,0.0,28.0,0.0,2025-11-24,2025-11-24,2.187333333333333,album,12,False,1
"dodger blue (feat. wallie the sensei, siete7x, roddy ricch) — Kendrick Lamar","dodger blue (feat. wallie the sensei, siete7x, roddy ricch)",Kendrick Lamar,Kendrick Lamar,2,7.5,7,0.7071067811865476,81.0,1.4142135623730951,2025-11-26,2025-11-27,2.187333333333333,album,12,True,2
"dodger blue (feat. wallie the sensei, siete7x, roddy ricch)) — Kendrick Lamar","dodger blue (feat. wallie the sensei, siete7x, roddy ricch))",Kendrick Lamar,Kendrick Lamar,1,8.0,8,0.0,77.0,0.0,2025-11-25,2025-11-25,2.187333333333333,album,12,True,1
don't wanna break up again — Ariana Grande,don't wanna break up again,Ariana Grande,Ariana Grande,11,26.363636363636363,7,13.36617168281724,84.18181818181819,2.8919952219248817,2025-03-10,2025-03-21,2.9001,album,13,True,12
eternal sunshine — Ariana Grande,eternal sunshine,Ariana Grande,Ariana Grande,13,15.538461538461538,5,8.089245789064481,84.15384615384616,7.54813612584981,2025-03-10,2025-03-23,3.5033333333333334,album,13,False,14
euphoria — Kendrick Lamar,euphoria,Kendrick Lamar,Kendrick Lamar,63,22.53968253968254,1,15.534379559051924,88.36507936507937,12.084783270176917,2025-05-02,2025-07-03,6.393983333333333,single,1,True,63
exes — Tate McRae,exes,Tate McRae,Tate McRae,66,37.621212121212125,13,10.090002899313678,83.74242424242425,6.852984989287757,2024-11-18,2025-02-10,2.6566666666666667,single,2,True,85
fukumean — Gunna,fukumean,Gunna,Gunna,236,15.055084745762711,1,12.463783090577186,93.44915254237289,3.50949461749821,2024-06-19,2025-02-18,2.084,album,15,True,245
get him back! — Olivia Rodrigo,get him back!,Olivia Rodrigo,Olivia Rodrigo,34,17.147058823529413,3,14.2214783209341,90.3529411764706,2.805647475006566,2024-09-10,2024-10-13,3.5190166666666665,album,12,True,34
girl i’ve always been — Olivia Rodrigo,girl i’ve always been,Olivia Rodrigo,Olivia Rodrigo,1,29.0,29,0.0,44.0,0.0,2025-03-24,2025-03-24,2.0225666666666666,album,17,False,1
gloria (feat. sza) — Kendrick Lamar,gloria (feat. sza),Kendrick Lamar,Kendrick Lamar,1,17.0,17,0.0,26.0,0.0,2025-11-24,2025-11-24,4.792033333333333,album,12,False,1
gloria (with sza) — Kendrick Lamar,gloria (with sza),Kendrick Lamar,Kendrick Lamar,3,13.333333333333334,12,1.5275252316519465,78.0,2.0,2025-11-25,2025-11-27,4.792033333333333,album,12,True,3
"gnx (feat. hitta j3, youngthreat, peysoh) — Kendrick Lamar","gnx (feat. hitta j3, youngthreat, peysoh)",Kendrick Lamar,Kendrick Lamar,4,14.0,11,2.1602468994692865,65.25,25.552234083669997,2025-11-24,2025-11-27,3.22565,album,12,False,4
golden hour — JVKE,golden hour,JVKE,JVKE,40,43.1,31,5.309884348540163,90.3,0.46409548089225106,2024-05-18,2024-06-30,3.48765,album,12,False,44
greedy — Tate McRae,greedy,Tate McRae,Tate McRae,217,14.110599078341014,3,8.566014248319142,96.06451612903226,10.5652945074273,2024-09-17,2025-05-02,2.1978666666666666,single,1,True,228
heart pt. 6 — Kendrick Lamar,heart pt. 6,Kendrick Lamar,Kendrick Lamar,4,10.75,9,1.5,66.5,25.72288216096063,2025-11-24,2025-11-27,4.87435,album,12,False,4
hey now (feat. dody6) — Kendrick Lamar,hey now (feat. dody6),Kendrick Lamar,Kendrick Lamar,4,5.0,5,0.0,68.25,25.552234083669997,2025-11-24,2025-11-27,3.624633333333333,album,12,False,4
i like the way you kiss me — Artemas,i like the way you kiss me,Artemas,Artemas,100,19.09,3,11.981547260161133,96.23,3.868690692827189,2025-03-27,2025-07-04,2.3752333333333335,single,1,False,100
i wish i hated you — Ariana Grande,i wish i hated you,Ariana Grande,Ariana Grande,7,26.428571428571427,19,8.403514004215596,81.71428571428571,3.683941988065034,2025-03-10,2025-03-17,2.56055,album,13,False,8
if u think i'm pretty — Artemas,if u think i'm pretty,Artemas,Artemas,6,47.833333333333336,46,1.3291601358251257,85.33333333333333,0.8164965809277236,2025-04-11,2025-04-19,2.13675,album,13,True,9
imgonnagetyouback — Taylor Swift,imgonnagetyouback,Taylor Swift,Taylor Swift,15,29.733333333333334,22,8.258905727124134,86.2,2.73077696949839,2025-04-21,2025-05-05,3.7012,album,31,False,15
imperfect for you — Ariana Grande,imperfect for you,Ariana Grande,Ariana Grande,7,29.285714285714285,22,7.910210399946931,81.0,3.785938897200182,2025-03-10,2025-03-17,3.0427666666666666,album,13,True,8
intro (end of the world) — Ariana Grande,intro (end of the world),Ariana Grande,Ariana Grande,9,26.77777777777778,8,13.470131567451167,83.44444444444444,3.166666666666669,2025-03-10,2025-03-20,1.54,album,13,True,11
just like me — 21 Savage,just like me,21 Savage,21 Savage,2,46.0,46,0.0,73.5,2.1213203435596424,2025-01-14,2025-01-15,3.8556333333333335,album,15,True,2
lacy — Olivia Rodrigo,lacy,Olivia Rodrigo,Olivia Rodrigo,18,22.38888888888889,10,12.334260696454594,85.5,2.5263319142932237,2024-09-10,2024-09-27,2.953533333333333,album,12,False,18
letter to my brudda — 21 Savage,letter to my brudda,21 Savage,21 Savage,2,36.0,36,0.0,75.0,2.8284271247461903,2025-01-14,2025-01-15,2.6522166666666664,album,15,True,2
logical — Olivia Rodrigo,logical,Olivia Rodrigo,Olivia Rodrigo,14,19.142857142857142,9,9.614549414276285,85.14285714285714,2.7695360027141094,2024-09-10,2024-09-23,3.8651166666666668,album,12,False,14
loml — Taylor Swift,loml,Taylor Swift,Taylor Swift,22,29.954545454545453,13,12.785696147415125,81.5909090909091,0.9591211706105901,2025-04-21,2025-05-12,4.619266666666666,album,16,True,22
love hotel — leftovermax,love hotel,leftovermax,leftovermax,1,37.0,37,0.0,95.0,0.0,2025-05-24,2025-05-24,2.5396666666666667,single,1,False,1
love is embarrassing — Olivia Rodrigo,love is embarrassing,Olivia Rodrigo,Olivia Rodrigo,14,20.785714285714285,12,8.29437781251272,84.92857142857143,2.9990841092749485,2024-09-10,2024-09-23,2.575266666666667,album,12,True,14
luther (with sza) — Kendrick Lamar,luther (with sza),Kendrick Lamar,Kendrick Lamar,4,2.75,2,0.5,51.5,13.892443989449804,2025-11-24,2025-11-27,2.959966666666667,album,12,False,4
making the bed — Olivia Rodrigo,making the bed,Olivia Rodrigo,Olivia Rodrigo,14,14.571428571428571,7,6.477348528220784,85.35714285714286,2.817722562560134,2024-09-10,2024-09-23,3.314433333333333,album,12,False,14
man at the garden — Kendrick Lamar,man at the garden,Kendrick Lamar,Kendrick Lamar,4,6.25,4,1.707825127659933,68.5,25.053276565484737,2025-11-24,2025-11-27,3.886216666666667,album,12,False,4
meet the grahams — Kendrick Lamar,meet the grahams,Kendrick Lamar,Kendrick Lamar,13,13.923076923076923,5,7.931598603702561,84.23076923076923,4.399883448339773,2025-05-07,2025-05-19,6.535633333333333,single,1,True,13
misses — Dominic Fike,misses,Dominic Fike,Dominic Fike,2,47.5,47,0.7071067811865476,85.0,0.0,2025-07-24,2025-07-31,1.2396333333333334,album,8,False,8
n.h.i.e. — 21 Savage,n.h.i.e.,21 Savage,21 Savage,14,21.285714285714285,6,12.356428233163443,84.92857142857143,3.5401930784869666,2025-01-14,2025-01-27,2.3953,album,15,True,14
née-nah — 21 Savage,née-nah,21 Savage,21 Savage,27,24.14814814814815,4,15.396562312871373,87.77777777777777,3.2383914968977257,2025-01-14,2025-02-10,3.6764,album,15,True,28
obsessed — Olivia Rodrigo,obsessed,Olivia Rodrigo,Olivia Rodrigo,27,29.074074074074073,9,11.020700542880224,85.48148148148148,7.890453678924884,2025-03-24,2025-04-20,2.84235,album,17,True,28
on one tonight — Gunna,on one tonight,Gunna,Gunna,3,48.666666666666664,48,1.154700538379251,81.33333333333333,1.1547005383792526,2025-11-11,2025-11-23,1.5126666666666666,album,20,True,13
one of wun — Gunna,one of wun,Gunna,Gunna,68,38.69117647058823,19,9.159054492264689,84.20588235294117,1.8653063733739819,2025-05-17,2025-11-07,2.4,album,20,True,175
ordinary things (feat. Nonna) — Ariana Grande,ordinary things (feat. Nonna),Ariana Grande,Ariana Grande,5,36.0,28,7.810249675906654,75.0,10.793516572461451,2025-03-10,2025-03-15,2.808333333333333,album,13,False,6
peekaboo (feat. azchike) — Kendrick Lamar,peekaboo (feat. azchike),Kendrick Lamar,Kendrick Lamar,4,10.25,9,0.9574271077563381,66.0,26.05123157677323,2025-11-24,2025-11-27,2.5986166666666666,album,12,False,4
pop ur shit — 21 Savage,pop ur shit,21 Savage,21 Savage,5,23.2,13,11.627553482998906,79.4,2.7018512172212583,2025-01-14,2025-01-18,3.222,album,15,True,5
pretty isn’t pretty — Olivia Rodrigo,pretty isn’t pretty,Olivia Rodrigo,Olivia Rodrigo,14,29.142857142857142,14,13.88334443667133,83.92857142857143,2.8946711176091924,2024-09-10,2024-09-23,3.3237,album,12,True,14
prove it — 21 Savage,prove it,21 Savage,21 Savage,3,30.666666666666668,25,9.814954576223638,75.66666666666667,2.516611478423582,2025-01-14,2025-01-16,3.45975,album,15,True,3
red sky — 21 Savage,red sky,21 Savage,21 Savage,3,34.333333333333336,29,9.237604307034012,75.33333333333333,3.055050463303895,2025-01-14,2025-01-16,2.94725,album,15,True,3
redrum — 21 Savage,redrum,21 Savage,21 Savage,116,15.879310344827585,2,15.53741916480496,93.62068965517241,3.185988816306671,2025-01-14,2025-05-18,4.511616666666667,album,15,True,125
reincarnated — Kendrick Lamar,reincarnated,Kendrick Lamar,Kendrick Lamar,4,6.5,6,0.5773502691896258,68.25,25.552234083669997,2025-11-24,2025-11-27,4.595666666666666,album,12,False,4
run for the hills — Tate McRae,run for the hills,Tate McRae,Tate McRae,4,40.25,34,7.22841614740048,77.25,4.112987559751022,2024-12-10,2024-12-14,2.399,album,14,True,5
scared of my guitar — Olivia Rodrigo,scared of my guitar,Olivia Rodrigo,Olivia Rodrigo,1,32.0,32,0.0,44.0,0.0,2025-03-24,2025-03-24,4.3988,album,17,False,1
see the real — 21 Savage,see the real,21 Savage,21 Savage,2,39.0,39,0.0,74.5,2.1213203435596424,2025-01-14,2025-01-15,3.0339833333333335,album,15,True,2
should've wore a bonnet — 21 Savage,should've wore a bonnet,21 Savage,21 Savage,4,31.0,21,12.24744871391589,76.5,2.645751311064589,2025-01-14,2025-01-17,3.112833333333333,album,15,True,4
sneaky — 21 Savage,sneaky,21 Savage,21 Savage,6,30.5,17,13.03456942135029,80.5,3.271085446759226,2025-01-14,2025-01-20,3.3612,album,15,True,7
so american — Olivia Rodrigo,so american,Olivia Rodrigo,Olivia Rodrigo,6,30.333333333333332,20,8.04155872120988,73.66666666666667,13.735598518691008,2025-03-24,2025-03-30,2.8286166666666666,album,17,True,7
squabble up — Kendrick Lamar,squabble up,Kendrick Lamar,Kendrick Lamar,4,1.0,1,0.0,71.25,24.918199506919972,2025-11-24,2025-11-27,2.6332,album,12,False,4
stranger — Olivia Rodrigo,stranger,Olivia Rodrigo,Olivia Rodrigo,1,30.0,30,0.0,43.0,0.0,2025-03-24,2025-03-24,3.21285,album,17,False,1
supernatural — Ariana Grande,supernatural,Ariana Grande,Ariana Grande,12,23.833333333333332,9,12.246211535397263,84.83333333333333,3.128558579902057,2025-03-10,2025-03-22,2.7230166666666666,album,13,False,13
teenage dream — Olivia Rodrigo,teenage dream,Olivia Rodrigo,Olivia Rodrigo,9,27.22222222222222,17,13.026682019779422,82.11111111111111,3.0184617127124693,2024-09-10,2024-09-19,3.705966666666667,album,12,False,10
thanK you aIMee — Taylor Swift,thanK you aIMee,Taylor Swift,Taylor Swift,9,28.77777777777778,18,9.731107051330001,84.66666666666667,2.692582403567251,2025-04-21,2025-04-29,4.39695,album,31,True,9
the boy is mine — Ariana Grande,the boy is mine,Ariana Grande,Ariana Grande,23,20.043478260869566,4,14.977189507167118,87.3913043478261,3.026235742105762,2025-03-10,2025-04-06,2.8939833333333334,album,13,True,28
the grudge — Olivia Rodrigo,the grudge,Olivia Rodrigo,Olivia Rodrigo,22,20.727272727272727,6,14.765409442928293,86.72727272727273,2.9306559997284842,2024-09-10,2024-10-01,3.156433333333333,album,12,True,22
true story — Ariana Grande,true story,Ariana Grande,Ariana Grande,8,25.0,11,12.20070255588353,83.0,3.505098327538657,2025-03-10,2025-03-18,2.7213,album,13,False,9
tv off (feat. lefty gunplay) — Kendrick Lamar,tv off (feat. lefty gunplay),Kendrick Lamar,Kendrick Lamar,4,3.25,2,1.8929694486000912,69.25,26.247222075234298,2025-11-24,2025-11-27,3.678166666666667,album,12,False,4
un x100to — Grupo Frontera,un x100to,Grupo Frontera,Grupo Frontera,21,43.19047619047619,21,7.131753274048729,71.19047619047619,12.882620259943428,2024-08-05,2024-09-17,3.2427166666666665,album,11,False,44
un x100to — Grupo Frontera & Bad Bunny,un x100to,Grupo Frontera & Bad Bunny,Grupo Frontera,79,13.329113924050633,3,10.875426922344943,99.20253164556962,0.8530450259472856,2024-05-18,2024-08-04,3.2427166666666665,single,1,False,79
us. (feat. Taylor Swift) — Gracie Abrams,us. (feat. Taylor Swift),Gracie Abrams,Gracie Abrams,8,29.75,12,12.302729081677075,71.5,10.350983390135312,2025-06-22,2025-06-29,4.044433333333333,album,13,True,8
vampire — Olivia Rodrigo,vampire,Olivia Rodrigo,Olivia Rodrigo,258,22.333333333333332,1,14.698438644062902,94.68992248062015,2.881035399732551,2024-07-02,2025-03-30,3.6620666666666666,single,1,True,272
wacced out murals — Kendrick Lamar,wacced out murals,Kendrick Lamar,Kendrick Lamar,4,3.5,2,1.0,70.75,23.86594505426788,2025-11-24,2025-11-27,5.284866666666667,album,12,False,4
we can't be friends (wait for your love) — Ariana Grande,we can't be friends (wait for your love),Ariana Grande,Ariana Grande,116,22.974137931034484,1,14.171288307484716,92.16379310344827,3.7275565268912265,2025-03-10,2025-07-26,3.81065,album,13,False,139
we fell in love in october — girl in red,we fell in love in october,girl in red,girl in red,11,46.63636363636363,38,3.748939243912264,86.72727272727273,2.0045403009622467,2024-10-04,2025-10-11,3.0692166666666667,single,3,False,373
x2 — Lil Uzi Vert,x2,Lil Uzi Vert,Lil Uzi Vert,3,24.0,8,17.69180601295413,76.33333333333333,2.081665999466134,2024-07-02,2024-07-04,3.9054,album,26,True,3
"yes, and? — Ariana Grande","yes, and?",Ariana Grande,Ariana Grande,43,15.581395348837209,1,10.830364189759964,91.34883720930233,6.690020004704349,2025-01-14,2025-03-23,3.5832333333333333,single,1,True,69
you look like you love me (feat. Riley Green) — Ella Langley & Riley Green,you look like you love me (feat. Riley Green),Ella Langley & Riley Green,Ella Langley,18,36.611111111111114,22,8.261454713724945,78.77777777777777,3.2277392480797955,2025-06-29,2025-07-20,3.738,single,1,False,22
